FH_INSTRUMENT,FH_SYMBOL,FH_EXPIRY_DT,FH_STRIKE_PRICE,FH_OPTION_TYPE,FH_MARKET_TYPE,FH_OPENING_PRICE,FH_TRADE_HIGH_PRICE,FH_TRADE_LOW_PRICE,FH_CLOSING_PRICE,FH_LAST_TRADED_PRICE,FH_PREV_CLS,FH_SETTLE_PRICE,FH_TOT_TRADED_QTY,FH_TOT_TRADED_VAL,FH_OPEN_INT,FH_CHANGE_IN_OI,FH_MARKET_LOT,FH_TIMESTAMP,FH_TIMESTAMP_ORDER,FH_UNDERLYING_VALUE,CALCULATED_PREMIUM_VAL
FUTSTK,BAJAJHLDNG,27-Jan-2026,,XX,N,11178.0,11574.0,11108.0,11397.0,11400.0,11033.0,11397.0,1619.0,924282300.0,52200.0,52200,50,31-Dec-2025,,11327.85,
FUTSTK,BAJAJHLDNG,24-Feb-2026,,XX,N,11496.0,11505.0,11469.0,11469.0,11469.0,11085.0,11469.0,5.0,2873550.0,200.0,200,50,31-Dec-2025,,11327.85,
FUTSTK,BAJAJHLDNG,30-Mar-2026,,XX,N,11419.0,11500.0,11419.0,11500.0,11500.0,11148.0,11500.0,2.0,1145950.0,0.0,0,50,31-Dec-2025,,11327.85,
FUTSTK,BAJAJHLDNG,27-Jan-2026,,XX,N,11427.0,11491.0,11272.0,11420.0,11401.0,11397.0,11420.0,606.0,344618500.0,60800.0,8600,50,01-Jan-2026,,11342.1,
FUTSTK,BAJAJHLDNG,24-Feb-2026,,XX,N,11434.0,11480.0,11390.0,11480.0,11480.0,11469.0,11480.0,5.0,2859200.0,350.0,150,50,01-Jan-2026,,11342.1,
FUTSTK,BAJAJHLDNG,30-Mar-2026,,XX,N,0.0,0.0,0.0,11500.0,11500.0,11500.0,11500.0,0.0,0.0,0.0,0,50,01-Jan-2026,,11342.1,
FUTSTK,BAJAJHLDNG,27-Jan-2026,,XX,N,11380.0,11380.0,11135.0,11243.0,11259.0,11420.0,11243.0,801.0,449110300.0,76300.0,15500,50,02-Jan-2026,,11181.8,
FUTSTK,BAJAJHLDNG,24-Feb-2026,,XX,N,11355.0,11355.0,11210.0,11315.0,11320.0,11480.0,11315.0,61.0,34309000.0,2900.0,2550,50,02-Jan-2026,,11181.8,
FUTSTK,BAJAJHLDNG,30-Mar-2026,,XX,N,11333.0,11333.0,11323.0,11323.0,11323.0,11500.0,11323.0,2.0,1132800.0,100.0,100,50,02-Jan-2026,,11181.8,
FUTSTK,BAJAJHLDNG,27-Jan-2026,,XX,N,11287.0,11438.0,11151.0,11331.0,11318.0,11243.0,11331.0,623.0,351526400.0,83600.0,7300,50,05-Jan-2026,,11271.85,
FUTSTK,BAJAJHLDNG,24-Feb-2026,,XX,N,11356.0,11490.0,11290.0,11394.0,11395.0,11315.0,11394.0,29.0,16463050.0,3550.0,650,50,05-Jan-2026,,11271.85,
FUTSTK,BAJAJHLDNG,30-Mar-2026,,XX,N,11433.0,11433.0,11433.0,11433.0,11433.0,11323.0,11433.0,1.0,571650.0,150.0,50,50,05-Jan-2026,,11271.85,
FUTSTK,BAJAJHLDNG,27-Jan-2026,,XX,N,11324.0,11400.0,11134.0,11253.0,11251.0,11331.0,11253.0,612.0,344349850.0,92200.0,8600,50,06-Jan-2026,,11201.9,
FUTSTK,BAJAJHLDNG,24-Feb-2026,,XX,N,11393.0,11436.0,11197.0,11304.0,11302.0,11394.0,11304.0,52.0,29518450.0,4250.0,700,50,06-Jan-2026,,11201.9,
FUTSTK,BAJAJHLDNG,30-Mar-2026,,XX,N,11433.0,11488.0,11433.0,11488.0,11488.0,11433.0,11488.0,2.0,1146050.0,200.0,50,50,06-Jan-2026,,11201.9,
FUTSTK,BAJAJHLDNG,27-Jan-2026,,XX,N,11251.0,11276.0,11078.0,11256.0,11271.0,11253.0,11256.0,413.0,231024850.0,94450.0,2250,50,07-Jan-2026,,11198.05,
FUTSTK,BAJAJHLDNG,24-Feb-2026,,XX,N,11193.0,11332.0,11133.0,11318.0,11312.0,11304.0,11318.0,23.0,12914350.0,4550.0,300,50,07-Jan-2026,,11198.05,
FUTSTK,BAJAJHLDNG,30-Mar-2026,,XX,N,0.0,0.0,0.0,11488.0,11488.0,11488.0,11488.0,0.0,0.0,200.0,0,50,07-Jan-2026,,11198.05,
FUTSTK,BAJAJHLDNG,27-Jan-2026,,XX,N,11289.0,11702.0,11173.0,11242.0,11231.0,11256.0,11242.0,4452.0,2547843250.0,140850.0,46400,50,08-Jan-2026,,11209.0,
FUTSTK,BAJAJHLDNG,24-Feb-2026,,XX,N,11354.0,11730.0,11265.0,11288.0,11265.0,11318.0,11288.0,112.0,64214200.0,5550.0,1000,50,08-Jan-2026,,11209.0,
FUTSTK,BAJAJHLDNG,30-Mar-2026,,XX,N,11665.0,11700.0,11300.0,11300.0,11300.0,11488.0,11300.0,4.0,2316600.0,250.0,50,50,08-Jan-2026,,11209.0,
FUTSTK,BAJAJHLDNG,27-Jan-2026,,XX,N,11264.0,11311.0,11047.0,11079.0,11060.0,11242.0,11079.0,1408.0,784970100.0,152000.0,11150,50,09-Jan-2026,,11042.9,
FUTSTK,BAJAJHLDNG,24-Feb-2026,,XX,N,11237.0,11310.0,11108.0,11136.0,11112.0,11288.0,11136.0,76.0,42497300.0,7050.0,1500,50,09-Jan-2026,,11042.9,
FUTSTK,BAJAJHLDNG,30-Mar-2026,,XX,N,11250.0,11250.0,11202.0,11202.0,11202.0,11300.0,11202.0,2.0,1122600.0,250.0,0,50,09-Jan-2026,,11042.9,
FUTSTK,BAJAJHLDNG,27-Jan-2026,,XX,N,11011.0,11300.0,10685.0,10793.0,10790.0,11079.0,10793.0,1741.0,944399350.0,163000.0,11000,50,12-Jan-2026,,10745.05,
FUTSTK,BAJAJHLDNG,24-Feb-2026,,XX,N,11039.0,11039.0,10757.0,10843.0,10850.0,11136.0,10843.0,89.0,48357950.0,9550.0,2500,50,12-Jan-2026,,10745.05,
FUTSTK,BAJAJHLDNG,30-Mar-2026,,XX,N,10950.0,10964.0,10875.0,10908.0,10875.0,11202.0,10908.0,9.0,4917800.0,700.0,450,50,12-Jan-2026,,10745.05,
FUTSTK,BAJAJHLDNG,27-Jan-2026,,XX,N,10868.0,11018.0,10640.0,10765.0,10823.0,10793.0,10765.0,2431.0,1308457400.0,202750.0,39750,50,13-Jan-2026,,10724.95,
FUTSTK,BAJAJHLDNG,24-Feb-2026,,XX,N,11049.0,11049.0,10704.0,10816.0,10869.0,10843.0,10816.0,104.0,56357600.0,9500.0,-50,50,13-Jan-2026,,10724.95,
FUTSTK,BAJAJHLDNG,30-Mar-2026,,XX,N,11053.0,11053.0,10850.0,10850.0,10850.0,10908.0,10850.0,4.0,2187700.0,750.0,50,50,13-Jan-2026,,10724.95,
FUTSTK,BAJAJHLDNG,27-Jan-2026,,XX,N,10765.0,10848.0,10617.0,10781.0,10777.0,10765.0,10781.0,1397.0,751855950.0,223350.0,20600,50,14-Jan-2026,,10741.05,
FUTSTK,BAJAJHLDNG,24-Feb-2026,,XX,N,10826.0,10889.0,10690.0,10843.0,10863.0,10816.0,10843.0,111.0,60065250.0,10500.0,1000,50,14-Jan-2026,,10741.05,
FUTSTK,BAJAJHLDNG,30-Mar-2026,,XX,N,10886.0,10886.0,10881.0,10881.0,10881.0,10850.0,10881.0,2.0,1088350.0,750.0,0,50,14-Jan-2026,,10741.05,
FUTSTK,BAJAJHLDNG,27-Jan-2026,,XX,N,10750.0,10798.0,10631.0,10691.0,10692.0,10781.0,10691.0,560.0,299883250.0,225850.0,2500,50,16-Jan-2026,,10682.1,
FUTSTK,BAJAJHLDNG,24-Feb-2026,,XX,N,10800.0,10811.0,10711.0,10746.0,10729.0,10843.0,10746.0,69.0,37135500.0,11450.0,950,50,16-Jan-2026,,10682.1,
FUTSTK,BAJAJHLDNG,30-Mar-2026,,XX,N,10869.0,10869.0,10800.0,10800.0,10800.0,10881.0,10800.0,5.0,2709700.0,900.0,150,50,16-Jan-2026,,10682.1,
FUTSTK,BAJAJHLDNG,27-Jan-2026,,XX,N,10563.0,10816.0,10509.0,10676.0,10624.0,10691.0,10676.0,674.0,360148400.0,223000.0,-2850,50,19-Jan-2026,,10647.55,
FUTSTK,BAJAJHLDNG,24-Feb-2026,,XX,N,10704.0,10849.0,10594.0,10728.0,10708.0,10746.0,10728.0,141.0,75698650.0,13650.0,2200,50,19-Jan-2026,,10647.55,
FUTSTK,BAJAJHLDNG,30-Mar-2026,,XX,N,10750.0,10880.0,10750.0,10793.0,10793.0,10800.0,10793.0,3.0,1621150.0,1050.0,150,50,19-Jan-2026,,10647.55,
FUTSTK,BAJAJHLDNG,27-Jan-2026,,XX,N,10667.0,10680.0,10529.0,10566.0,10609.0,10676.0,10566.0,511.0,270192150.0,223050.0,50,50,20-Jan-2026,,10559.8,
FUTSTK,BAJAJHLDNG,24-Feb-2026,,XX,N,10660.0,10702.0,10590.0,10622.0,10648.0,10728.0,10622.0,97.0,51581600.0,14600.0,950,50,20-Jan-2026,,10559.8,
FUTSTK,BAJAJHLDNG,30-Mar-2026,,XX,N,10661.0,10661.0,10661.0,10661.0,10661.0,10793.0,10661.0,2.0,1066100.0,950.0,-100,50,20-Jan-2026,,10559.8,
FUTSTK,BAJAJHLDNG,27-Jan-2026,,XX,N,10509.0,10663.0,10508.0,10610.0,10594.0,10566.0,10610.0,983.0,520865950.0,205500.0,-17550,50,21-Jan-2026,,10612.9,
FUTSTK,BAJAJHLDNG,24-Feb-2026,,XX,N,10598.0,10719.0,10598.0,10669.0,10662.0,10622.0,10669.0,562.0,299557700.0,33500.0,18900,50,21-Jan-2026,,10612.9,
FUTSTK,BAJAJHLDNG,30-Mar-2026,,XX,N,10725.0,10725.0,10725.0,10725.0,10725.0,10661.0,10725.0,1.0,536250.0,1000.0,50,50,21-Jan-2026,,10612.9,
FUTSTK,BAJAJHLDNG,27-Jan-2026,,XX,N,10635.0,10794.0,10635.0,10739.0,10772.0,10610.0,10739.0,1619.0,865840200.0,140050.0,-65450,50,22-Jan-2026,,10735.0,
FUTSTK,BAJAJHLDNG,24-Feb-2026,,XX,N,10732.0,10849.0,10699.0,10794.0,10833.0,10669.0,10794.0,1432.0,769828450.0,92150.0,58650,50,22-Jan-2026,,10735.0,
FUTSTK,BAJAJHLDNG,30-Mar-2026,,XX,N,10770.0,10829.0,10770.0,10829.0,10829.0,10725.0,10829.0,4.0,2159600.0,950.0,-50,50,22-Jan-2026,,10735.0,
FUTSTK,BAJAJHLDNG,27-Jan-2026,,XX,N,10727.0,10798.0,10576.0,10654.0,10715.0,10739.0,10654.0,1711.0,912910100.0,76050.0,-64000,50,23-Jan-2026,,10668.15,
FUTSTK,BAJAJHLDNG,24-Feb-2026,,XX,N,10703.0,10847.0,10627.0,10701.0,10742.0,10794.0,10701.0,1728.0,926651400.0,147950.0,55800,50,23-Jan-2026,,10668.15,
FUTSTK,BAJAJHLDNG,30-Mar-2026,,XX,N,10837.0,10907.0,10690.0,10742.0,10742.0,10829.0,10742.0,8.0,4304100.0,1000.0,50,50,23-Jan-2026,,10668.15,
FUTSTK,BAJAJHLDNG,27-Jan-2026,,XX,N,10686.0,10686.0,10461.0,10626.0,10600.0,10654.0,10626.0,1820.0,960773350.0,21100.0,-54950,50,27-Jan-2026,,10609.0,
FUTSTK,BAJAJHLDNG,24-Feb-2026,,XX,N,10857.0,10857.0,10533.0,10678.0,10673.0,10701.0,10678.0,1960.0,1040179600.0,204800.0,56850,50,27-Jan-2026,,10609.0,
FUTSTK,BAJAJHLDNG,30-Mar-2026,,XX,N,10667.0,10667.0,10667.0,10667.0,10667.0,10742.0,10667.0,2.0,1066700.0,1100.0,100,50,27-Jan-2026,,10609.0,
FUTSTK,BAJAJHLDNG,24-Feb-2026,,XX,N,10677.0,10800.0,10621.0,10732.0,10766.0,10678.0,10732.0,664.0,355543350.0,202350.0,-2450,50,28-Jan-2026,,10703.95,
FUTSTK,BAJAJHLDNG,30-Mar-2026,,XX,N,10731.0,10821.0,10706.0,10706.0,10706.0,10667.0,10706.0,4.0,2153700.0,1150.0,50,50,28-Jan-2026,,10703.95,
FUTSTK,BAJAJHLDNG,28-Apr-2026,,XX,N,0.0,0.0,0.0,10774.0,0.0,10774.0,10774.0,0.0,0.0,0.0,0,50,28-Jan-2026,,10703.95,
FUTSTK,BAJAJHLDNG,24-Feb-2026,,XX,N,10714.0,10810.0,10658.0,10751.0,10770.0,10732.0,10751.0,745.0,399513050.0,199600.0,-2750,50,29-Jan-2026,,10727.0,
FUTSTK,BAJAJHLDNG,30-Mar-2026,,XX,N,10780.0,10857.0,10761.0,10796.0,10796.0,10706.0,10796.0,24.0,12943350.0,1950.0,800,50,29-Jan-2026,,10727.0,
FUTSTK,BAJAJHLDNG,28-Apr-2026,,XX,N,10889.0,10889.0,10878.0,10885.0,10886.0,10774.0,10885.0,3.0,1632650.0,150.0,150,50,29-Jan-2026,,10727.0,
FUTSTK,BAJAJHLDNG,24-Feb-2026,,XX,N,10760.0,10915.0,10682.0,10816.0,10770.0,10751.0,10816.0,686.0,371355300.0,195150.0,-4450,50,30-Jan-2026,,10799.95,
FUTSTK,BAJAJHLDNG,30-Mar-2026,,XX,N,10735.0,10910.0,10735.0,10910.0,10910.0,10796.0,10910.0,3.0,1627000.0,2000.0,50,50,30-Jan-2026,,10799.95,
FUTSTK,BAJAJHLDNG,28-Apr-2026,,XX,N,0.0,0.0,0.0,10885.0,10886.0,10885.0,10885.0,0.0,0.0,150.0,0,50,30-Jan-2026,,10799.95,
FUTSTK,BAJAJHLDNG,24-Feb-2026,0.0,XX,N,10765.0,10806.0,10469.0,10555.0,10548.0,10816.0,10555.0,20200.0,214868450.0,193700.0,-1450,50,01-Feb-2026,2026-01-31T18:30:00.000+00:00,10521.0,214868450.0
FUTSTK,BAJAJHLDNG,30-Mar-2026,0.0,XX,N,10852.0,10852.0,10533.0,10578.0,10560.0,10910.0,10578.0,900.0,9578550.0,1950.0,-50,50,01-Feb-2026,2026-01-31T18:30:00.000+00:00,10521.0,9578550.0
FUTSTK,BAJAJHLDNG,28-Apr-2026,0.0,XX,N,10752.0,10752.0,10752.0,10752.0,10752.0,10885.0,10659.0,50.0,537600.0,200.0,50,50,01-Feb-2026,2026-01-31T18:30:00.000+00:00,10521.0,537600.0
FUTSTK,BAJAJHLDNG,24-Feb-2026,,XX,N,10548.0,10707.0,10409.0,10681.0,10689.0,10555.0,10681.0,654.0,344756050.0,188300.0,-5400,50,02-Feb-2026,,10660.4,
FUTSTK,BAJAJHLDNG,30-Mar-2026,,XX,N,10544.0,10757.0,10485.0,10731.0,10757.0,10578.0,10731.0,22.0,11664350.0,2150.0,200,50,02-Feb-2026,,10660.4,
FUTSTK,BAJAJHLDNG,28-Apr-2026,,XX,N,10559.0,10559.0,10559.0,10559.0,10559.0,10752.0,10559.0,1.0,527950.0,250.0,50,50,02-Feb-2026,,10660.4,
FUTSTK,BAJAJHLDNG,24-Feb-2026,,XX,N,10854.0,11066.0,10812.0,10960.0,10994.0,10681.0,10960.0,1439.0,788346100.0,198100.0,9800,50,03-Feb-2026,,10915.05,
FUTSTK,BAJAJHLDNG,30-Mar-2026,,XX,N,10915.0,11102.0,10910.0,11032.0,11035.0,10731.0,11032.0,41.0,22539650.0,2550.0,400,50,03-Feb-2026,,10915.05,
FUTSTK,BAJAJHLDNG,28-Apr-2026,,XX,N,0.0,0.0,0.0,10559.0,10559.0,10559.0,10559.0,0.0,0.0,250.0,0,50,03-Feb-2026,,10915.05,
FUTSTK,BAJAJHLDNG,24-Feb-2026,,XX,N,10949.0,11114.0,10875.0,10940.0,10947.0,10960.0,10940.0,668.0,367373500.0,206100.0,8000,50,04-Feb-2026,,10889.1,
FUTSTK,BAJAJHLDNG,30-Mar-2026,,XX,N,11007.0,11158.0,10972.0,10992.0,10992.0,11032.0,10992.0,28.0,15461150.0,2600.0,50,50,04-Feb-2026,,10889.1,
FUTSTK,BAJAJHLDNG,28-Apr-2026,,XX,N,0.0,0.0,0.0,10559.0,10559.0,10559.0,10559.0,0.0,0.0,250.0,0,50,04-Feb-2026,,10889.1,
FUTSTK,BAJAJHLDNG,24-Feb-2026,,XX,N,11149.0,11357.0,10869.0,10934.0,10950.0,10940.0,10934.0,2289.0,1273826250.0,205500.0,-600,50,05-Feb-2026,,10891.25,
FUTSTK,BAJAJHLDNG,30-Mar-2026,,XX,N,11123.0,11413.0,10950.0,10984.0,10973.0,10992.0,10984.0,116.0,64939250.0,3700.0,1100,50,05-Feb-2026,,10891.25,
FUTSTK,BAJAJHLDNG,28-Apr-2026,,XX,N,11352.0,11352.0,11083.0,11083.0,11083.0,10559.0,11083.0,6.0,3363450.0,350.0,100,50,05-Feb-2026,,10891.25,
FUTSTK,BAJAJHLDNG,24-Feb-2026,,XX,N,10943.0,11037.0,10684.0,11022.0,11023.0,10934.0,11022.0,745.0,404158400.0,200500.0,-5000,50,06-Feb-2026,,10998.9,
FUTSTK,BAJAJHLDNG,30-Mar-2026,,XX,N,10782.0,11091.0,10771.0,11086.0,11083.0,10984.0,11086.0,38.0,20822450.0,3800.0,100,50,06-Feb-2026,,10998.9,
FUTSTK,BAJAJHLDNG,28-Apr-2026,,XX,N,0.0,0.0,0.0,11083.0,11083.0,11083.0,11083.0,0.0,0.0,350.0,0,50,06-Feb-2026,,10998.9,
FUTSTK,BAJAJHLDNG,24-Feb-2026,,XX,N,11094.0,11174.0,11005.0,11114.0,11076.0,11022.0,11114.0,668.0,370923150.0,201000.0,500,50,09-Feb-2026,,11100.95,
FUTSTK,BAJAJHLDNG,30-Mar-2026,,XX,N,11178.0,11210.0,11087.0,11176.0,11175.0,11086.0,11176.0,24.0,13402350.0,3750.0,-50,50,09-Feb-2026,,11100.95,
FUTSTK,BAJAJHLDNG,28-Apr-2026,,XX,N,0.0,0.0,0.0,11083.0,11083.0,11083.0,11083.0,0.0,0.0,350.0,0,50,09-Feb-2026,,11100.95,
FUTSTK,BAJAJHLDNG,24-Feb-2026,,XX,N,11035.0,11185.0,11032.0,11118.0,11088.0,11114.0,11118.0,467.0,259487050.0,205000.0,4000,50,10-Feb-2026,,11080.85,
FUTSTK,BAJAJHLDNG,30-Mar-2026,,XX,N,11140.0,11233.0,11079.0,11175.0,11184.0,11176.0,11175.0,131.0,73274900.0,7850.0,4100,50,10-Feb-2026,,11080.85,
FUTSTK,BAJAJHLDNG,28-Apr-2026,,XX,N,11200.0,11200.0,11200.0,11200.0,11200.0,11083.0,11200.0,4.0,2240000.0,550.0,200,50,10-Feb-2026,,11080.85,
FUTSTK,BAJAJHLDNG,24-Feb-2026,,XX,N,11133.0,11220.0,11047.0,11120.0,11124.0,11118.0,11120.0,488.0,271846100.0,204100.0,-900,50,11-Feb-2026,,11110.85,
FUTSTK,BAJAJHLDNG,30-Mar-2026,,XX,N,11120.0,11269.0,11117.0,11186.0,11162.0,11175.0,11186.0,32.0,17957000.0,7950.0,100,50,11-Feb-2026,,11110.85,
FUTSTK,BAJAJHLDNG,28-Apr-2026,,XX,N,11291.0,11328.0,11261.0,11261.0,11261.0,11200.0,11261.0,7.0,3946200.0,900.0,350,50,11-Feb-2026,,11110.85,
FUTSTK,BAJAJHLDNG,24-Feb-2026,,XX,N,11073.0,11154.0,10999.0,11052.0,11046.0,11120.0,11052.0,460.0,254524350.0,206750.0,2650,50,12-Feb-2026,,11040.45,
FUTSTK,BAJAJHLDNG,30-Mar-2026,,XX,N,11134.0,11205.0,11091.0,11113.0,11139.0,11186.0,11113.0,23.0,12801950.0,7800.0,-150,50,12-Feb-2026,,11040.45,
FUTSTK,BAJAJHLDNG,28-Apr-2026,,XX,N,11201.0,11267.0,11161.0,11161.0,11161.0,11261.0,11161.0,4.0,2244800.0,850.0,-50,50,12-Feb-2026,,11040.45,
FUTSTK,BAJAJHLDNG,24-Feb-2026,,XX,N,10965.0,10973.0,10833.0,10882.0,10862.0,11052.0,10882.0,462.0,251526650.0,206400.0,-350,50,13-Feb-2026,,10881.0,
FUTSTK,BAJAJHLDNG,30-Mar-2026,,XX,N,11010.0,11010.0,10896.0,10953.0,10944.0,11113.0,10953.0,31.0,16985450.0,8050.0,250,50,13-Feb-2026,,10881.0,
FUTSTK,BAJAJHLDNG,28-Apr-2026,,XX,N,11029.0,11029.0,11029.0,11029.0,11029.0,11161.0,11029.0,1.0,551450.0,900.0,50,50,13-Feb-2026,,10881.0,
FUTSTK,BAJAJHLDNG,24-Feb-2026,,XX,N,10830.0,11260.0,10757.0,11167.0,11160.0,10882.0,11167.0,771.0,429174150.0,207000.0,600,50,16-Feb-2026,,11133.0,
FUTSTK,BAJAJHLDNG,30-Mar-2026,,XX,N,10921.0,11329.0,10921.0,11225.0,11239.0,10953.0,11225.0,56.0,31373500.0,9000.0,950,50,16-Feb-2026,,11133.0,
FUTSTK,BAJAJHLDNG,28-Apr-2026,,XX,N,11254.0,11254.0,11254.0,11254.0,11254.0,11029.0,11254.0,1.0,562700.0,850.0,-50,50,16-Feb-2026,,11133.0,
FUTSTK,BAJAJHLDNG,24-Feb-2026,,XX,N,11099.0,11270.0,11077.0,11211.0,11209.0,11167.0,11211.0,755.0,421719150.0,194550.0,-12450,50,17-Feb-2026,,11217.0,
FUTSTK,BAJAJHLDNG,30-Mar-2026,,XX,N,11251.0,11330.0,11170.0,11288.0,11259.0,11225.0,11288.0,269.0,151142100.0,20050.0,11050,50,17-Feb-2026,,11217.0,
FUTSTK,BAJAJHLDNG,28-Apr-2026,,XX,N,11275.0,11337.0,11275.0,11330.0,11337.0,11254.0,11330.0,8.0,4522600.0,800.0,-50,50,17-Feb-2026,,11217.0,
FUTSTK,BAJAJHLDNG,24-Feb-2026,,XX,N,11202.0,11422.0,11202.0,11395.0,11387.0,11211.0,11395.0,901.0,509522150.0,173400.0,-21150,50,18-Feb-2026,,11412.9,
FUTSTK,BAJAJHLDNG,30-Mar-2026,,XX,N,11289.0,11499.0,11288.0,11469.0,11467.0,11288.0,11469.0,426.0,242556350.0,34900.0,14850,50,18-Feb-2026,,11412.9,
FUTSTK,BAJAJHLDNG,28-Apr-2026,,XX,N,11400.0,11540.0,11400.0,11540.0,11540.0,11330.0,11540.0,2.0,1147000.0,850.0,50,50,18-Feb-2026,,11412.9,
FUTSTK,BAJAJHLDNG,24-Feb-2026,,XX,N,11400.0,11458.0,11077.0,11144.0,11092.0,11395.0,11144.0,1273.0,716250100.0,128700.0,-44700,50,19-Feb-2026,,11187.35,
FUTSTK,BAJAJHLDNG,30-Mar-2026,,XX,N,11479.0,11523.0,11135.0,11208.0,11135.0,11469.0,11208.0,942.0,532901700.0,71650.0,36750,50,19-Feb-2026,,11187.35,
FUTSTK,BAJAJHLDNG,28-Apr-2026,,XX,N,11465.0,11465.0,11465.0,11465.0,11465.0,11540.0,11465.0,2.0,1146500.0,900.0,50,50,19-Feb-2026,,11187.35,
FUTSTK,BAJAJHLDNG,24-Feb-2026,,XX,N,11189.0,11205.0,10949.0,11165.0,11129.0,11144.0,11165.0,1112.0,618246400.0,96900.0,-31800,50,20-Feb-2026,,11187.9,
FUTSTK,BAJAJHLDNG,30-Mar-2026,,XX,N,11350.0,11350.0,11021.0,11232.0,11179.0,11208.0,11232.0,1184.0,662500700.0,105200.0,33550,50,20-Feb-2026,,11187.9,
FUTSTK,BAJAJHLDNG,28-Apr-2026,,XX,N,11300.0,11300.0,11300.0,11300.0,11300.0,11465.0,11300.0,1.0,565000.0,950.0,50,50,20-Feb-2026,,11187.9,
FUTSTK,BAJAJHLDNG,24-Feb-2026,,XX,N,11129.0,11646.0,11126.0,11481.0,11484.0,11165.0,11481.0,2646.0,1506635750.0,23550.0,-73350,50,23-Feb-2026,,11501.05,
FUTSTK,BAJAJHLDNG,30-Mar-2026,,XX,N,11192.0,11718.0,11192.0,11559.0,11563.0,11232.0,11559.0,2430.0,1395050250.0,171400.0,66200,50,23-Feb-2026,,11501.05,
FUTSTK,BAJAJHLDNG,28-Apr-2026,,XX,N,11344.0,11750.0,11344.0,11608.0,11596.0,11300.0,11608.0,12.0,6950850.0,950.0,0,50,23-Feb-2026,,11501.05,
FUTSTK,BAJAJHLDNG,24-Feb-2026,,XX,N,11465.0,11531.0,11253.0,11348.0,11393.0,11481.0,11348.0,741.0,422352300.0,4900.0,-18650,50,24-Feb-2026,,11330.45,
FUTSTK,BAJAJHLDNG,30-Mar-2026,,XX,N,11585.0,11610.0,11311.0,11406.0,11421.0,11559.0,11406.0,1053.0,603332900.0,181250.0,9850,50,24-Feb-2026,,11330.45,
FUTSTK,BAJAJHLDNG,28-Apr-2026,,XX,N,11556.0,11664.0,11390.0,11404.0,11404.0,11608.0,11404.0,10.0,5766050.0,1100.0,150,50,24-Feb-2026,,11330.45,
FUTSTK,BAJAJHLDNG,30-Mar-2026,,XX,N,11569.0,11569.0,11177.0,11241.0,11191.0,11406.0,11241.0,1262.0,711938500.0,193350.0,12100,50,25-Feb-2026,,11165.85,
FUTSTK,BAJAJHLDNG,28-Apr-2026,,XX,N,11475.0,11475.0,11246.0,11288.0,11293.0,11404.0,11288.0,30.0,16931700.0,1850.0,750,50,25-Feb-2026,,11165.85,
FUTSTK,BAJAJHLDNG,26-May-2026,,XX,N,0.0,0.0,0.0,11520.0,0.0,11520.0,11520.0,0.0,0.0,0.0,0,50,25-Feb-2026,,11165.85,
FUTSTK,BAJAJHLDNG,30-Mar-2026,,XX,N,11206.0,11225.0,10937.0,11017.0,10973.0,11241.0,11017.0,962.0,533222550.0,207900.0,14550,50,26-Feb-2026,,10951.15,
FUTSTK,BAJAJHLDNG,28-Apr-2026,,XX,N,11249.0,11249.0,11012.0,11095.0,11090.0,11288.0,11095.0,25.0,13873650.0,2050.0,200,50,26-Feb-2026,,10951.15,
FUTSTK,BAJAJHLDNG,26-May-2026,,XX,N,11201.0,11201.0,11188.0,11188.0,11188.0,11520.0,11188.0,2.0,1119450.0,100.0,100,50,26-Feb-2026,,10951.15,
FUTSTK,BAJAJHLDNG,30-Mar-2026,,XX,N,11037.0,11073.0,10836.0,10857.0,10870.0,11017.0,10857.0,783.0,426115350.0,217350.0,9450,50,27-Feb-2026,,10804.0,
FUTSTK,BAJAJHLDNG,28-Apr-2026,,XX,N,10950.0,11018.0,10904.0,10924.0,10939.0,11095.0,10924.0,14.0,7673750.0,2200.0,150,50,27-Feb-2026,,10804.0,
FUTSTK,BAJAJHLDNG,26-May-2026,,XX,N,0.0,0.0,0.0,11188.0,11188.0,11188.0,11188.0,0.0,0.0,100.0,0,50,27-Feb-2026,,10804.0,
FUTSTK,BAJAJHLDNG,30-Mar-2026,,XX,N,10714.0,10751.0,10534.0,10725.0,10727.0,10857.0,10725.0,813.0,432802550.0,219200.0,1850,50,02-Mar-2026,,10694.95,
FUTSTK,BAJAJHLDNG,28-Apr-2026,,XX,N,10750.0,10820.0,10630.0,10818.0,10803.0,10924.0,10818.0,29.0,15608500.0,2250.0,50,50,02-Mar-2026,,10694.95,
FUTSTK,BAJAJHLDNG,26-May-2026,,XX,N,0.0,0.0,0.0,11188.0,11188.0,11188.0,11188.0,0.0,0.0,100.0,0,50,02-Mar-2026,,10694.95,
FUTSTK,BAJAJHLDNG,30-Mar-2026,,XX,N,10563.0,10704.0,10555.0,10675.0,10675.0,10725.0,10675.0,569.0,302597600.0,216150.0,-3050,50,04-Mar-2026,,10650.95,
FUTSTK,BAJAJHLDNG,28-Apr-2026,,XX,N,10710.0,10765.0,10650.0,10760.0,10760.0,10818.0,10760.0,10.0,5356150.0,2350.0,100,50,04-Mar-2026,,10650.95,
FUTSTK,BAJAJHLDNG,26-May-2026,,XX,N,10820.0,10820.0,10716.0,10764.0,10764.0,11188.0,10764.0,3.0,1615000.0,200.0,100,50,04-Mar-2026,,10650.95,
FUTSTK,BAJAJHLDNG,30-Mar-2026,,XX,N,10744.0,10748.0,10583.0,10710.0,10690.0,10675.0,10710.0,442.0,236042500.0,218300.0,2150,50,05-Mar-2026,,10663.0,
FUTSTK,BAJAJHLDNG,28-Apr-2026,,XX,N,10760.0,10784.0,10753.0,10765.0,10757.0,10760.0,10765.0,17.0,9150900.0,2650.0,300,50,05-Mar-2026,,10663.0,
FUTSTK,BAJAJHLDNG,26-May-2026,,XX,N,10820.0,10820.0,10820.0,10820.0,10820.0,10764.0,10820.0,1.0,541000.0,250.0,50,50,05-Mar-2026,,10663.0,
FUTSTK,BAJAJHLDNG,30-Mar-2026,,XX,N,10680.0,10832.0,10558.0,10584.0,10618.0,10710.0,10584.0,499.0,265078050.0,217750.0,-550,50,06-Mar-2026,,10559.2,
FUTSTK,BAJAJHLDNG,28-Apr-2026,,XX,N,10760.0,10890.0,10616.0,10644.0,10646.0,10765.0,10644.0,35.0,18698700.0,3350.0,700,50,06-Mar-2026,,10559.2,
FUTSTK,BAJAJHLDNG,26-May-2026,,XX,N,0.0,0.0,0.0,10820.0,10820.0,10820.0,10820.0,0.0,0.0,250.0,0,50,06-Mar-2026,,10559.2,
FUTSTK,BAJAJHLDNG,30-Mar-2026,,XX,N,10431.0,10484.0,10209.0,10268.0,10222.0,10584.0,10268.0,869.0,446783500.0,216450.0,-1300,50,09-Mar-2026,,10249.9,
FUTSTK,BAJAJHLDNG,28-Apr-2026,,XX,N,10500.0,10501.0,10280.0,10332.0,10310.0,10644.0,10332.0,134.0,69203200.0,7050.0,3700,50,09-Mar-2026,,10249.9,
FUTSTK,BAJAJHLDNG,26-May-2026,,XX,N,10456.0,10456.0,10337.0,10397.0,10397.0,10820.0,10397.0,6.0,3119800.0,300.0,50,50,09-Mar-2026,,10249.9,
FUTSTK,BAJAJHLDNG,30-Mar-2026,,XX,N,10270.0,10375.0,10114.0,10310.0,10375.0,10268.0,10310.0,1313.0,670176800.0,217700.0,1250,50,10-Mar-2026,,10288.8,
FUTSTK,BAJAJHLDNG,28-Apr-2026,,XX,N,10307.0,10453.0,10198.0,10372.0,10453.0,10332.0,10372.0,79.0,40620100.0,7850.0,800,50,10-Mar-2026,,10288.8,
FUTSTK,BAJAJHLDNG,26-May-2026,,XX,N,10294.0,10297.0,10290.0,10297.0,10297.0,10397.0,10297.0,5.0,2573050.0,450.0,150,50,10-Mar-2026,,10288.8,
FUTSTK,BAJAJHLDNG,30-Mar-2026,,XX,N,10333.0,10437.0,10097.0,10179.0,10125.0,10310.0,10179.0,936.0,478548050.0,217800.0,100,50,11-Mar-2026,,10176.9,
FUTSTK,BAJAJHLDNG,28-Apr-2026,,XX,N,10476.0,10478.0,10163.0,10225.0,10163.0,10372.0,10225.0,45.0,23205500.0,7800.0,-50,50,11-Mar-2026,,10176.9,
FUTSTK,BAJAJHLDNG,26-May-2026,,XX,N,10578.0,10578.0,10325.0,10325.0,10325.0,10297.0,10325.0,6.0,3115350.0,600.0,150,50,11-Mar-2026,,10176.9,
FUTSTK,BAJAJHLDNG,30-Mar-2026,,XX,N,10104.0,10136.0,9780.0,9821.0,9780.0,10179.0,9821.0,858.0,426102600.0,221450.0,3650,50,12-Mar-2026,,9789.3,
FUTSTK,BAJAJHLDNG,28-Apr-2026,,XX,N,10134.0,10156.0,9850.0,9896.0,9850.0,10225.0,9896.0,50.0,24987700.0,8250.0,450,50,12-Mar-2026,,9789.3,
FUTSTK,BAJAJHLDNG,26-May-2026,,XX,N,10141.0,10141.0,10010.0,10010.0,10010.0,10325.0,10010.0,4.0,2017350.0,700.0,100,50,12-Mar-2026,,9789.3,
FUTSTK,BAJAJHLDNG,30-Mar-2026,,XX,N,9817.0,9890.0,9487.0,9509.0,9492.0,9821.0,9509.0,1250.0,602813350.0,234100.0,12650,50,13-Mar-2026,,9506.0,
FUTSTK,BAJAJHLDNG,28-Apr-2026,,XX,N,9765.0,9948.0,9555.0,9569.0,9555.0,9896.0,9569.0,59.0,28784050.0,8200.0,-50,50,13-Mar-2026,,9506.0,
FUTSTK,BAJAJHLDNG,26-May-2026,,XX,N,9820.0,10001.0,9705.0,9705.0,9705.0,10010.0,9705.0,16.0,7876150.0,900.0,200,50,13-Mar-2026,,9506.0,
FUTSTK,BAJAJHLDNG,30-Mar-2026,,XX,N,9552.0,9680.0,9367.0,9621.0,9550.0,9509.0,9621.0,918.0,438096250.0,231200.0,-2900,50,16-Mar-2026,,9631.0,
FUTSTK,BAJAJHLDNG,28-Apr-2026,,XX,N,9568.0,9719.0,9472.0,9682.0,9637.0,9569.0,9682.0,41.0,19687450.0,8400.0,200,50,16-Mar-2026,,9631.0,
FUTSTK,BAJAJHLDNG,26-May-2026,,XX,N,9570.0,9775.0,9560.0,9775.0,9775.0,9705.0,9775.0,3.0,1445250.0,950.0,50,50,16-Mar-2026,,9631.0,
FUTSTK,BAJAJHLDNG,30-Mar-2026,,XX,N,9602.0,9751.0,9541.0,9672.0,9645.0,9621.0,9672.0,550.0,265857600.0,230200.0,-1000,50,17-Mar-2026,,9662.7,
FUTSTK,BAJAJHLDNG,28-Apr-2026,,XX,N,9699.0,9809.0,9663.0,9736.0,9729.0,9682.0,9736.0,71.0,34534300.0,9100.0,700,50,17-Mar-2026,,9662.7,
FUTSTK,BAJAJHLDNG,26-May-2026,,XX,N,9771.0,9867.0,9746.0,9783.0,9783.0,9775.0,9783.0,17.0,8327800.0,1350.0,400,50,17-Mar-2026,,9662.7,
FUTSTK,BAJAJHLDNG,30-Mar-2026,,XX,N,9767.0,9910.0,9651.0,9851.0,9861.0,9672.0,9851.0,486.0,239293350.0,231300.0,1100,50,18-Mar-2026,,9859.0,
FUTSTK,BAJAJHLDNG,28-Apr-2026,,XX,N,9767.0,9971.0,9767.0,9914.0,9932.0,9736.0,9914.0,76.0,37706100.0,9550.0,450,50,18-Mar-2026,,9859.0,
FUTSTK,BAJAJHLDNG,26-May-2026,,XX,N,9749.0,10033.0,9749.0,9978.0,9978.0,9783.0,9978.0,17.0,8476450.0,1000.0,-350,50,18-Mar-2026,,9859.0,
FUTSTK,BAJAJHLDNG,30-Mar-2026,,XX,N,9595.0,9774.0,9595.0,9665.0,9644.0,9851.0,9665.0,1260.0,611335150.0,231450.0,150,50,19-Mar-2026,,9673.9,
FUTSTK,BAJAJHLDNG,28-Apr-2026,,XX,N,9781.0,9833.0,9690.0,9728.0,9740.0,9914.0,9728.0,72.0,35155000.0,10850.0,1300,50,19-Mar-2026,,9673.9,
FUTSTK,BAJAJHLDNG,26-May-2026,,XX,N,0.0,0.0,0.0,9978.0,9978.0,9978.0,9978.0,0.0,0.0,1000.0,0,50,19-Mar-2026,,9673.9,
FUTSTK,BAJAJHLDNG,30-Mar-2026,,XX,N,9790.0,9802.0,9473.0,9526.0,9561.0,9665.0,9526.0,671.0,321560650.0,228900.0,-2550,50,20-Mar-2026,,9512.2,
FUTSTK,BAJAJHLDNG,28-Apr-2026,,XX,N,9799.0,9815.0,9544.0,9572.0,9613.0,9728.0,9572.0,124.0,59936900.0,12600.0,1750,50,20-Mar-2026,,9512.2,
FUTSTK,BAJAJHLDNG,26-May-2026,,XX,N,9901.0,9916.0,9629.0,9640.0,9650.0,9978.0,9640.0,9.0,4399800.0,1250.0,250,50,20-Mar-2026,,9512.2,
FUTSTK,BAJAJHLDNG,30-Mar-2026,,XX,N,9452.0,9452.0,9140.0,9161.0,9152.0,9526.0,9161.0,617.0,284526150.0,230900.0,2000,50,23-Mar-2026,,9162.5,
FUTSTK,BAJAJHLDNG,28-Apr-2026,,XX,N,9419.0,9433.0,9196.0,9214.0,9200.0,9572.0,9214.0,104.0,48204800.0,15100.0,2500,50,23-Mar-2026,,9162.5,
FUTSTK,BAJAJHLDNG,26-May-2026,,XX,N,9342.0,9342.0,9266.0,9266.0,9266.0,9640.0,9266.0,5.0,2327400.0,1200.0,-50,50,23-Mar-2026,,9162.5,
FUTSTK,BAJAJHLDNG,30-Mar-2026,,XX,N,9232.0,9459.0,9224.0,9365.0,9386.0,9161.0,9365.0,1876.0,877195100.0,181500.0,-49400,50,24-Mar-2026,,9337.05,
FUTSTK,BAJAJHLDNG,28-Apr-2026,,XX,N,9314.0,9496.0,9293.0,9390.0,9379.0,9214.0,9390.0,1457.0,684113900.0,67000.0,51900,50,24-Mar-2026,,9337.05,
FUTSTK,BAJAJHLDNG,26-May-2026,,XX,N,9363.0,9450.0,9363.0,9450.0,9450.0,9266.0,9450.0,7.0,3290600.0,1150.0,-50,50,24-Mar-2026,,9337.05,
FUTSTK,BAJAJHLDNG,30-Mar-2026,,XX,N,9387.0,9673.0,9387.0,9538.0,9535.0,9365.0,9538.0,2925.0,1402516500.0,84250.0,-97250,50,25-Mar-2026,,9553.9,
FUTSTK,BAJAJHLDNG,28-Apr-2026,,XX,N,9262.0,9715.0,9262.0,9583.0,9585.0,9390.0,9583.0,2607.0,1256975250.0,161950.0,94950,50,25-Mar-2026,,9553.9,
FUTSTK,BAJAJHLDNG,26-May-2026,,XX,N,9650.0,9715.0,9600.0,9601.0,9600.0,9450.0,9601.0,23.0,11117550.0,2050.0,900,50,25-Mar-2026,,9553.9,
FUTSTK,BAJAJHLDNG,30-Mar-2026,,XX,N,9500.0,9559.0,9122.0,9152.0,9158.0,9538.0,9152.0,1451.0,671851000.0,35250.0,-49000,50,27-Mar-2026,,9149.95,
FUTSTK,BAJAJHLDNG,28-Apr-2026,,XX,N,9420.0,9474.0,9165.0,9199.0,9193.0,9583.0,9199.0,2090.0,970927350.0,229550.0,67600,50,27-Mar-2026,,9149.95,
FUTSTK,BAJAJHLDNG,26-May-2026,,XX,N,9500.0,9500.0,9182.0,9219.0,9182.0,9601.0,9219.0,11.0,5138300.0,2300.0,250,50,27-Mar-2026,,9149.95,
FUTSTK,BAJAJHLDNG,30-Mar-2026,,XX,N,8982.0,9040.0,8691.0,8733.0,8749.0,9152.0,8733.0,942.0,415798700.0,16350.0,-18900,50,30-Mar-2026,,8745.95,
FUTSTK,BAJAJHLDNG,28-Apr-2026,,XX,N,9043.0,9068.0,8738.0,8773.0,8738.0,9199.0,8773.0,1988.0,882197450.0,236550.0,7000,50,30-Mar-2026,,8745.95,
FUTSTK,BAJAJHLDNG,26-May-2026,,XX,N,9099.0,9104.0,8796.0,8823.0,8841.0,9219.0,8823.0,527.0,235638150.0,28000.0,25700,50,30-Mar-2026,,8745.95,
FUTSTK,BAJAJHLDNG,28-Apr-2026,,XX,N,8905.0,9086.0,8888.0,8953.5,8964.0,8773.0,8953.5,1504.0,675017325.0,231950.0,-4600,50,01-Apr-2026,,8906.85,
FUTSTK,BAJAJHLDNG,26-May-2026,,XX,N,9059.0,9066.0,8942.0,8996.0,8996.0,8823.0,8996.0,26.0,11703200.0,28350.0,350,50,01-Apr-2026,,8906.85,
FUTSTK,BAJAJHLDNG,30-Jun-2026,,XX,N,0.0,0.0,0.0,8906.0,0.0,8906.0,8906.0,0.0,0.0,0.0,0,50,01-Apr-2026,,8906.85,
FUTSTK,BAJAJHLDNG,28-Apr-2026,,XX,N,8600.0,9063.0,8600.0,9034.0,9039.0,8953.5,9034.0,677.0,299595400.0,235500.0,3550,50,02-Apr-2026,,8992.5,
FUTSTK,BAJAJHLDNG,26-May-2026,,XX,N,8731.5,9116.5,8729.0,9092.0,9114.0,8996.0,9092.0,23.0,10306825.0,28850.0,500,50,02-Apr-2026,,8992.5,
FUTSTK,BAJAJHLDNG,30-Jun-2026,,XX,N,0.0,0.0,0.0,8906.0,0.0,8906.0,8906.0,0.0,0.0,0.0,0,50,02-Apr-2026,,8992.5,
FUTSTK,BAJAJHLDNG,28-Apr-2026,,XX,N,9200.0,9248.5,8885.0,9173.0,9195.0,9034.0,9173.0,758.0,345737050.0,244600.0,9100,50,06-Apr-2026,,9131.0,
FUTSTK,BAJAJHLDNG,26-May-2026,,XX,N,8976.5,9276.0,8975.0,9246.5,9250.0,9092.0,9246.5,26.0,11940175.0,29400.0,550,50,06-Apr-2026,,9131.0,
FUTSTK,BAJAJHLDNG,30-Jun-2026,,XX,N,0.0,0.0,0.0,8906.0,0.0,8906.0,8906.0,0.0,0.0,0.0,0,50,06-Apr-2026,,9131.0,
FUTSTK,BAJAJHLDNG,28-Apr-2026,,XX,N,9153.0,9339.5,8986.0,9278.5,9317.0,9173.0,9278.5,687.0,315858825.0,247250.0,2650,50,07-Apr-2026,,9237.0,
FUTSTK,BAJAJHLDNG,26-May-2026,,XX,N,9196.5,9356.5,9196.5,9347.0,9356.5,9246.5,9347.0,40.0,18517000.0,30150.0,750,50,07-Apr-2026,,9237.0,
FUTSTK,BAJAJHLDNG,30-Jun-2026,,XX,N,0.0,0.0,0.0,8906.0,0.0,8906.0,8906.0,4.0,1847150.0,200.0,200,50,07-Apr-2026,,9237.0,
FUTSTK,BAJAJHLDNG,28-Apr-2026,,XX,N,9413.5,10137.0,9413.5,10025.0,10137.0,9278.5,10025.0,1025.0,506583825.0,244200.0,-3050,50,08-Apr-2026,,9970.0,
FUTSTK,BAJAJHLDNG,26-May-2026,,XX,N,9661.5,10099.5,9661.0,10077.5,10094.0,9347.0,10077.5,100.0,49747675.0,31250.0,1100,50,08-Apr-2026,,9970.0,
FUTSTK,BAJAJHLDNG,30-Jun-2026,,XX,N,0.0,0.0,0.0,8906.0,0.0,8906.0,8906.0,0.0,0.0,200.0,0,50,08-Apr-2026,,9970.0,
FUTSTK,BAJAJHLDNG,28-Apr-2026,,XX,N,9982.5,10114.0,9907.5,9933.0,9948.5,10025.0,9933.0,632.0,315289225.0,251700.0,7500,50,09-Apr-2026,,9912.5,
FUTSTK,BAJAJHLDNG,26-May-2026,,XX,N,10121.0,10175.0,9940.0,9987.5,9972.0,10077.5,9987.5,78.0,39151250.0,31850.0,600,50,09-Apr-2026,,9912.5,
FUTSTK,BAJAJHLDNG,30-Jun-2026,,XX,N,0.0,0.0,0.0,8906.0,0.0,8906.0,8906.0,0.0,0.0,200.0,0,50,09-Apr-2026,,9912.5,
FUTSTK,BAJAJHLDNG,28-Apr-2026,,XX,N,9921.5,10149.0,9921.0,10046.0,10065.0,9933.0,10046.0,558.0,280277700.0,251200.0,-500,50,10-Apr-2026,,9997.5,
FUTSTK,BAJAJHLDNG,26-May-2026,,XX,N,10097.0,10205.0,10036.5,10098.0,10099.0,9987.5,10098.0,79.0,39920000.0,32450.0,600,50,10-Apr-2026,,9997.5,
FUTSTK,BAJAJHLDNG,30-Jun-2026,,XX,N,0.0,0.0,0.0,8906.0,0.0,8906.0,8906.0,0.0,0.0,200.0,0,50,10-Apr-2026,,9997.5,
