FH_TIMESTAMP,FH_SYMBOL,FH_INSTRUMENT,FH_EXPIRY_DT,FH_CLOSING_PRICE,FH_OPENING_PRICE,FH_TRADE_HIGH_PRICE,FH_TRADE_LOW_PRICE,FH_TOT_TRADED_VAL,FH_UNDERLYING_VALUE,FH_MARKET_LOT,SOURCE
01-Apr-2024,ADANIGREEN,FUTSTK,,1888.300048828125,1865.0,1908.9000244140625,1865.0,573430,1888.300048828125,600,YFINANCE
01-Apr-2025,ADANIGREEN,FUTSTK,,919.1500244140625,948.0,962.0,916.6500244140625,3393666,919.1500244140625,600,YFINANCE
01-Apr-2026,ADANIGREEN,FUTSTK,,851.9500122070312,829.9500122070312,855.2999877929688,827.1500244140625,3454451,851.9500122070312,600,YFINANCE
01-Aug-2023,ADANIGREEN,FUTSTK,,1087.050048828125,1115.0,1131.8499755859375,1083.800048828125,2143083,1087.050048828125,600,YFINANCE
01-Aug-2024,ADANIGREEN,FUTSTK,,1901.949951171875,1850.0,1920.0,1843.3499755859375,11727943,1901.949951171875,600,YFINANCE
01-Aug-2025,ADANIGREEN,FUTSTK,,972.5999755859375,988.7999877929688,1007.6500244140625,968.0,1800185,972.5999755859375,600,YFINANCE
01-Dec-2023,ADANIGREEN,FUTSTK,,1026.5,1042.0,1045.0,1020.0,1181792,1026.5,600,YFINANCE
01-Dec-2025,ADANIGREEN,FUTSTK,,1039.5999755859375,1041.0999755859375,1052.0,1028.0999755859375,2276452,1039.5999755859375,600,YFINANCE
01-Feb-2024,ADANIGREEN,FUTSTK,,1665.949951171875,1689.0,1706.0,1655.6500244140625,1735338,1665.949951171875,600,YFINANCE
01-Feb-2025,ADANIGREEN,FUTSTK,,996.5,1010.0,1049.9000244140625,986.0,4230202,996.5,600,YFINANCE
01-Jan-2024,ADANIGREEN,FUTSTK,,1598.4000244140625,1598.0,1620.0,1585.0,912757,1598.4000244140625,600,YFINANCE
01-Jan-2025,ADANIGREEN,FUTSTK,,1046.4000244140625,1040.699951171875,1060.0,1038.949951171875,1560588,1046.4000244140625,600,YFINANCE
01-Jan-2026,ADANIGREEN,FUTSTK,,1025.9000244140625,1019.7000122070312,1045.0,1015.5,2304811,1025.9000244140625,600,YFINANCE
01-Jul-2024,ADANIGREEN,FUTSTK,,1776.8499755859375,1790.0,1797.0,1772.0999755859375,276666,1776.8499755859375,600,YFINANCE
01-Jul-2025,ADANIGREEN,FUTSTK,,1015.7000122070312,1030.0,1038.0,1007.2000122070312,1836549,1015.7000122070312,600,YFINANCE
01-Jun-2023,ADANIGREEN,FUTSTK,,993.9500122070312,997.25,1011.0,984.0,4639202,993.9500122070312,600,YFINANCE
01-Mar-2023,ADANIGREEN,FUTSTK,,509.54998779296875,509.0,509.54998779296875,501.8999938964844,387360,509.54998779296875,600,YFINANCE
01-Mar-2024,ADANIGREEN,FUTSTK,,1969.550048828125,1930.0,1998.0,1930.0,947398,1969.550048828125,600,YFINANCE
01-Nov-2023,ADANIGREEN,FUTSTK,,880.25,914.7000122070312,921.7000122070312,876.0,551732,880.25,600,YFINANCE
01-Nov-2024,ADANIGREEN,FUTSTK,,1632.6500244140625,1620.0,1639.550048828125,1614.449951171875,132414,1632.6500244140625,600,YFINANCE
01-Oct-2024,ADANIGREEN,FUTSTK,,1884.949951171875,1915.550048828125,1929.550048828125,1880.0,798097,1884.949951171875,600,YFINANCE
01-Oct-2025,ADANIGREEN,FUTSTK,,1064.699951171875,1031.800048828125,1070.0,1026.5,4597346,1064.699951171875,600,YFINANCE
01-Sep-2023,ADANIGREEN,FUTSTK,,949.0999755859375,928.5999755859375,957.0,905.1500244140625,4096797,949.0999755859375,600,YFINANCE
01-Sep-2025,ADANIGREEN,FUTSTK,,931.5499877929688,920.4000244140625,933.7000122070312,918.0499877929688,839458,931.5499877929688,600,YFINANCE
02-Apr-2024,ADANIGREEN,FUTSTK,,1892.6500244140625,1891.0,1906.0,1872.050048828125,440580,1892.6500244140625,600,YFINANCE
02-Apr-2025,ADANIGREEN,FUTSTK,,943.0499877929688,926.9000244140625,945.0999755859375,910.7000122070312,2965379,943.0499877929688,600,YFINANCE
02-Apr-2026,ADANIGREEN,FUTSTK,,856.0,840.0,863.9500122070312,814.75,9516053,856.0,600,YFINANCE
02-Aug-2023,ADANIGREEN,FUTSTK,,1052.449951171875,1087.0,1094.0,1045.050048828125,1245613,1052.449951171875,600,YFINANCE
02-Aug-2024,ADANIGREEN,FUTSTK,,1881.4000244140625,1868.949951171875,1914.800048828125,1861.1500244140625,1827128,1881.4000244140625,600,YFINANCE
02-Dec-2024,ADANIGREEN,FUTSTK,,1327.949951171875,1360.550048828125,1447.699951171875,1301.9000244140625,19679024,1327.949951171875,600,YFINANCE
02-Dec-2025,ADANIGREEN,FUTSTK,,1022.5999755859375,1038.5999755859375,1040.699951171875,1017.7000122070312,1544253,1022.5999755859375,600,YFINANCE
02-Feb-2024,ADANIGREEN,FUTSTK,,1674.25,1681.9000244140625,1698.949951171875,1663.8499755859375,946215,1674.25,600,YFINANCE
02-Feb-2026,ADANIGREEN,FUTSTK,,843.9500122070312,814.2000122070312,847.9000244140625,807.0,3922655,843.9500122070312,600,YFINANCE
02-Jan-2024,ADANIGREEN,FUTSTK,,1603.550048828125,1598.800048828125,1616.0,1565.699951171875,1031651,1603.550048828125,600,YFINANCE
02-Jan-2025,ADANIGREEN,FUTSTK,,1046.5,1048.0,1055.9000244140625,1035.0,1415783,1046.5,600,YFINANCE
02-Jan-2026,ADANIGREEN,FUTSTK,,1038.800048828125,1029.0,1043.5,1026.4000244140625,1544713,1038.800048828125,600,YFINANCE
02-Jul-2024,ADANIGREEN,FUTSTK,,1774.1500244140625,1780.1500244140625,1818.800048828125,1769.0999755859375,683054,1774.1500244140625,600,YFINANCE
02-Jul-2025,ADANIGREEN,FUTSTK,,1019.0,1020.0,1031.4000244140625,1012.0999755859375,1307248,1019.0,600,YFINANCE
02-Jun-2023,ADANIGREEN,FUTSTK,,983.5499877929688,992.0,992.0,975.9000244140625,3707803,983.5499877929688,600,YFINANCE
02-Jun-2025,ADANIGREEN,FUTSTK,,1009.0999755859375,1018.5,1024.699951171875,1007.0,2230527,1009.0999755859375,600,YFINANCE
02-Mar-2023,ADANIGREEN,FUTSTK,,535.0,535.0,535.0,535.0,206751,535.0,600,YFINANCE
02-Mar-2026,ADANIGREEN,FUTSTK,,903.5499877929688,915.0,926.9500122070312,880.25,3482707,903.5499877929688,600,YFINANCE
02-May-2023,ADANIGREEN,FUTSTK,,974.6500244140625,994.75,998.5499877929688,951.1500244140625,3323308,974.6500244140625,600,YFINANCE
02-May-2024,ADANIGREEN,FUTSTK,,1786.8499755859375,1798.0,1805.0,1759.199951171875,517699,1786.8499755859375,600,YFINANCE
02-May-2025,ADANIGREEN,FUTSTK,,905.7000122070312,902.0499877929688,931.9500122070312,900.0,3047594,905.7000122070312,600,YFINANCE
02-Nov-2023,ADANIGREEN,FUTSTK,,892.0999755859375,894.0,912.9500122070312,884.0,510410,892.0999755859375,600,YFINANCE
02-Sep-2024,ADANIGREEN,FUTSTK,,1945.699951171875,1839.0999755859375,1960.0,1839.0999755859375,2881173,1945.699951171875,600,YFINANCE
02-Sep-2025,ADANIGREEN,FUTSTK,,933.8499755859375,934.7999877929688,943.4500122070312,929.0,967218,933.8499755859375,600,YFINANCE
03-Apr-2023,ADANIGREEN,FUTSTK,,837.4500122070312,884.7999877929688,887.0,837.0999755859375,2788282,837.4500122070312,600,YFINANCE
03-Apr-2024,ADANIGREEN,FUTSTK,,1878.949951171875,1893.1500244140625,1904.0,1877.0,611123,1878.949951171875,600,YFINANCE
03-Apr-2025,ADANIGREEN,FUTSTK,,955.2999877929688,927.0,966.5,927.0,3305378,955.2999877929688,600,YFINANCE
03-Aug-2023,ADANIGREEN,FUTSTK,,1036.0,1052.449951171875,1067.0,1028.050048828125,2555083,1036.0,600,YFINANCE
03-Dec-2024,ADANIGREEN,FUTSTK,,1312.800048828125,1344.0,1365.0,1305.0,7685780,1312.800048828125,600,YFINANCE
03-Dec-2025,ADANIGREEN,FUTSTK,,1012.5999755859375,1024.0,1027.300048828125,1004.2000122070312,1508973,1012.5999755859375,600,YFINANCE
03-Feb-2025,ADANIGREEN,FUTSTK,,970.0999755859375,994.9000244140625,994.9000244140625,967.5,1672435,970.0999755859375,600,YFINANCE
03-Feb-2026,ADANIGREEN,FUTSTK,,932.0999755859375,924.0,951.5499877929688,900.0,10826968,932.0999755859375,600,YFINANCE
03-Jan-2024,ADANIGREEN,FUTSTK,,1697.25,1699.0,1747.4000244140625,1610.0,8064214,1697.25,600,YFINANCE
03-Jan-2025,ADANIGREEN,FUTSTK,,1038.25,1049.6500244140625,1069.9000244140625,1036.0,2143236,1038.25,600,YFINANCE
03-Jul-2023,ADANIGREEN,FUTSTK,,942.8499755859375,955.8499755859375,956.9500122070312,940.0,634378,942.8499755859375,600,YFINANCE
03-Jul-2024,ADANIGREEN,FUTSTK,,1775.050048828125,1775.0,1786.4000244140625,1762.050048828125,549827,1775.050048828125,600,YFINANCE
03-Jul-2025,ADANIGREEN,FUTSTK,,1008.5,1023.0,1023.7000122070312,1005.0,1234996,1008.5,600,YFINANCE
03-Jun-2024,ADANIGREEN,FUTSTK,,2038.0,2125.0,2174.10009765625,1950.0999755859375,7236091,2038.0,600,YFINANCE
03-Jun-2025,ADANIGREEN,FUTSTK,,992.5999755859375,1009.0999755859375,1018.0,988.0,2438866,992.5999755859375,600,YFINANCE
03-Mar-2023,ADANIGREEN,FUTSTK,,561.75,561.75,561.75,561.75,58629,561.75,600,YFINANCE
03-Mar-2025,ADANIGREEN,FUTSTK,,804.0999755859375,775.0,808.7999877929688,758.0,5720645,804.0999755859375,600,YFINANCE
03-May-2023,ADANIGREEN,FUTSTK,,942.0499877929688,972.0,980.0,928.9500122070312,1870972,942.0499877929688,600,YFINANCE
03-May-2024,ADANIGREEN,FUTSTK,,1799.800048828125,1796.0,1820.0,1745.25,906386,1799.800048828125,600,YFINANCE
03-Nov-2023,ADANIGREEN,FUTSTK,,902.7000122070312,898.9500122070312,907.2999877929688,897.0,286930,902.7000122070312,600,YFINANCE
03-Nov-2025,ADANIGREEN,FUTSTK,,1105.199951171875,1140.0,1166.4000244140625,1097.199951171875,5611025,1105.199951171875,600,YFINANCE
03-Oct-2023,ADANIGREEN,FUTSTK,,973.9500122070312,995.0999755859375,997.9500122070312,970.0,500850,973.9500122070312,600,YFINANCE
03-Oct-2024,ADANIGREEN,FUTSTK,,1807.800048828125,1865.0,1868.5999755859375,1775.75,1694940,1807.800048828125,600,YFINANCE
03-Oct-2025,ADANIGREEN,FUTSTK,,1070.300048828125,1068.5999755859375,1078.800048828125,1054.300048828125,2348127,1070.300048828125,600,YFINANCE
03-Sep-2024,ADANIGREEN,FUTSTK,,1897.9000244140625,1947.0,1957.5,1891.0,923970,1897.9000244140625,600,YFINANCE
03-Sep-2025,ADANIGREEN,FUTSTK,,935.7000122070312,933.8499755859375,939.5499877929688,931.1500244140625,626485,935.7000122070312,600,YFINANCE
04-Apr-2024,ADANIGREEN,FUTSTK,,1890.8499755859375,1900.5,1925.0,1882.0,791178,1890.8499755859375,600,YFINANCE
04-Apr-2025,ADANIGREEN,FUTSTK,,923.7999877929688,949.9500122070312,956.0,917.6500244140625,3226540,923.7999877929688,600,YFINANCE
04-Aug-2023,ADANIGREEN,FUTSTK,,1012.5499877929688,1041.699951171875,1062.25,1008.1500244140625,924378,1012.5499877929688,600,YFINANCE
04-Aug-2025,ADANIGREEN,FUTSTK,,989.7999877929688,980.0,997.0,971.6500244140625,1280378,989.7999877929688,600,YFINANCE
04-Dec-2023,ADANIGREEN,FUTSTK,,1123.75,1160.0,1184.0,1092.550048828125,5999345,1123.75,600,YFINANCE
04-Dec-2024,ADANIGREEN,FUTSTK,,1260.8499755859375,1320.0,1330.050048828125,1251.9000244140625,5109679,1260.8499755859375,600,YFINANCE
04-Dec-2025,ADANIGREEN,FUTSTK,,1013.4000244140625,1013.7999877929688,1027.0999755859375,1006.7999877929688,1349599,1013.4000244140625,600,YFINANCE
04-Feb-2025,ADANIGREEN,FUTSTK,,983.1500244140625,973.2000122070312,990.0,973.2000122070312,1333100,983.1500244140625,600,YFINANCE
04-Feb-2026,ADANIGREEN,FUTSTK,,954.4500122070312,935.0,970.9000244140625,920.3499755859375,4230654,954.4500122070312,600,YFINANCE
04-Jan-2024,ADANIGREEN,FUTSTK,,1692.5,1706.550048828125,1723.0,1675.050048828125,1492988,1692.5,600,YFINANCE
04-Jul-2023,ADANIGREEN,FUTSTK,,946.0,942.9000244140625,952.7999877929688,938.4500122070312,572039,946.0,600,YFINANCE
04-Jul-2024,ADANIGREEN,FUTSTK,,1766.800048828125,1780.0,1780.0,1764.0,344262,1766.800048828125,600,YFINANCE
04-Jul-2025,ADANIGREEN,FUTSTK,,996.7999877929688,1012.0,1012.0,990.0,1565915,996.7999877929688,600,YFINANCE
04-Jun-2024,ADANIGREEN,FUTSTK,,1646.0,2029.9000244140625,2029.9000244140625,1630.4000244140625,8291356,1646.0,600,YFINANCE
04-Jun-2025,ADANIGREEN,FUTSTK,,1004.7999877929688,997.5,1009.0,983.7000122070312,1700483,1004.7999877929688,600,YFINANCE
04-Mar-2024,ADANIGREEN,FUTSTK,,1940.699951171875,1977.550048828125,1998.550048828125,1930.0,609441,1940.699951171875,600,YFINANCE
04-Mar-2025,ADANIGREEN,FUTSTK,,768.5499877929688,783.2000122070312,796.6500244140625,765.5999755859375,7726332,768.5499877929688,600,YFINANCE
04-Mar-2026,ADANIGREEN,FUTSTK,,871.9500122070312,880.0,882.7999877929688,867.0,1976974,871.9500122070312,600,YFINANCE
04-May-2023,ADANIGREEN,FUTSTK,,945.5499877929688,936.0,950.0,933.5,3394830,945.5499877929688,600,YFINANCE
04-Nov-2024,ADANIGREEN,FUTSTK,,1611.949951171875,1625.0,1630.0,1606.300048828125,388291,1611.949951171875,600,YFINANCE
04-Nov-2025,ADANIGREEN,FUTSTK,,1086.4000244140625,1109.9000244140625,1112.9000244140625,1080.0999755859375,3029132,1086.4000244140625,600,YFINANCE
04-Oct-2023,ADANIGREEN,FUTSTK,,971.9000244140625,975.0499877929688,997.4000244140625,965.25,755636,971.9000244140625,600,YFINANCE
04-Oct-2024,ADANIGREEN,FUTSTK,,1801.199951171875,1811.9000244140625,1835.0,1780.0,883170,1801.199951171875,600,YFINANCE
04-Sep-2023,ADANIGREEN,FUTSTK,,959.2000122070312,952.9000244140625,964.0,942.0,4893856,959.2000122070312,600,YFINANCE
04-Sep-2024,ADANIGREEN,FUTSTK,,1930.9000244140625,1877.0,1935.449951171875,1872.0,794724,1930.9000244140625,600,YFINANCE
04-Sep-2025,ADANIGREEN,FUTSTK,,929.1500244140625,944.4000244140625,954.1500244140625,926.5,865803,929.1500244140625,600,YFINANCE
05-Apr-2023,ADANIGREEN,FUTSTK,,815.5999755859375,815.0,861.0,795.5999755859375,3818321,815.5999755859375,600,YFINANCE
05-Apr-2024,ADANIGREEN,FUTSTK,,1901.949951171875,1890.8499755859375,1937.75,1875.0,724439,1901.949951171875,600,YFINANCE
05-Aug-2024,ADANIGREEN,FUTSTK,,1768.75,1810.0,1854.5,1760.0,1759935,1768.75,600,YFINANCE
05-Aug-2025,ADANIGREEN,FUTSTK,,971.75,993.0,996.4000244140625,965.2000122070312,1365079,971.75,600,YFINANCE
05-Dec-2023,ADANIGREEN,FUTSTK,,1348.5,1126.0,1348.5,1096.0999755859375,16961888,1348.5,600,YFINANCE
05-Dec-2024,ADANIGREEN,FUTSTK,,1229.5999755859375,1270.0,1270.5999755859375,1220.0,4522158,1229.5999755859375,600,YFINANCE
05-Dec-2025,ADANIGREEN,FUTSTK,,1017.7000122070312,1013.0999755859375,1022.5,1005.0999755859375,1190798,1017.7000122070312,600,YFINANCE
05-Feb-2024,ADANIGREEN,FUTSTK,,1668.6500244140625,1684.0,1698.0,1651.5999755859375,1070961,1668.6500244140625,600,YFINANCE
05-Feb-2025,ADANIGREEN,FUTSTK,,1017.7999877929688,987.0499877929688,1028.699951171875,987.0499877929688,2434579,1017.7999877929688,600,YFINANCE
05-Feb-2026,ADANIGREEN,FUTSTK,,967.1500244140625,954.0,972.0,951.4500122070312,3102511,967.1500244140625,600,YFINANCE
05-Jan-2024,ADANIGREEN,FUTSTK,,1674.0,1695.0,1700.0,1660.0,871729,1674.0,600,YFINANCE
05-Jan-2026,ADANIGREEN,FUTSTK,,1030.5,1039.0,1044.699951171875,1027.699951171875,1020610,1030.5,600,YFINANCE
05-Jul-2023,ADANIGREEN,FUTSTK,,948.2000122070312,946.0,956.2000122070312,941.0,567900,948.2000122070312,600,YFINANCE
05-Jul-2024,ADANIGREEN,FUTSTK,,1754.300048828125,1765.199951171875,1775.0,1751.25,398933,1754.300048828125,600,YFINANCE
05-Jun-2023,ADANIGREEN,FUTSTK,,987.8499755859375,989.6500244140625,995.0,983.0,3596959,987.8499755859375,600,YFINANCE
05-Jun-2024,ADANIGREEN,FUTSTK,,1828.8499755859375,1704.0,1849.300048828125,1545.1500244140625,5254218,1828.8499755859375,600,YFINANCE
05-Jun-2025,ADANIGREEN,FUTSTK,,1003.5999755859375,1006.0,1019.0,1002.0,1454736,1003.5999755859375,600,YFINANCE
05-Mar-2024,ADANIGREEN,FUTSTK,,1947.4000244140625,1943.199951171875,1970.0,1938.0,415461,1947.4000244140625,600,YFINANCE
05-Mar-2025,ADANIGREEN,FUTSTK,,848.7000122070312,769.0,857.9000244140625,769.0,17902240,848.7000122070312,600,YFINANCE
05-Mar-2026,ADANIGREEN,FUTSTK,,884.5499877929688,886.25,889.75,864.5999755859375,4655262,884.5499877929688,600,YFINANCE
05-May-2023,ADANIGREEN,FUTSTK,,940.5499877929688,946.9500122070312,957.6500244140625,933.0,3266241,940.5499877929688,600,YFINANCE
05-May-2025,ADANIGREEN,FUTSTK,,965.7000122070312,912.7000122070312,1003.5,910.5499877929688,13652180,965.7000122070312,600,YFINANCE
05-Nov-2024,ADANIGREEN,FUTSTK,,1644.25,1600.0,1655.0,1594.0,379955,1644.25,600,YFINANCE
05-Oct-2023,ADANIGREEN,FUTSTK,,959.6500244140625,978.9500122070312,982.0999755859375,955.0,451208,959.6500244140625,600,YFINANCE
05-Sep-2023,ADANIGREEN,FUTSTK,,962.0999755859375,959.2000122070312,968.5,951.7000122070312,5108072,962.0999755859375,600,YFINANCE
05-Sep-2024,ADANIGREEN,FUTSTK,,1890.300048828125,1931.550048828125,1947.0,1885.0,576528,1890.300048828125,600,YFINANCE
05-Sep-2025,ADANIGREEN,FUTSTK,,929.3499755859375,932.0499877929688,935.0,916.25,847676,929.3499755859375,600,YFINANCE
06-Apr-2023,ADANIGREEN,FUTSTK,,856.3499755859375,838.9000244140625,856.3499755859375,808.5499877929688,3002370,856.3499755859375,600,YFINANCE
06-Apr-2026,ADANIGREEN,FUTSTK,,921.0999755859375,857.0,926.7000122070312,856.0499877929688,13113062,921.0999755859375,600,YFINANCE
06-Aug-2024,ADANIGREEN,FUTSTK,,1749.5999755859375,1800.0,1823.0,1742.300048828125,1125446,1749.5999755859375,600,YFINANCE
06-Aug-2025,ADANIGREEN,FUTSTK,,957.5499877929688,975.9000244140625,977.5,955.0,1204140,957.5499877929688,600,YFINANCE
06-Dec-2023,ADANIGREEN,FUTSTK,,1563.449951171875,1474.5,1608.0,1463.25,19688066,1563.449951171875,600,YFINANCE
06-Dec-2024,ADANIGREEN,FUTSTK,,1210.6500244140625,1236.050048828125,1266.8499755859375,1205.1500244140625,3815815,1210.6500244140625,600,YFINANCE
06-Feb-2024,ADANIGREEN,FUTSTK,,1721.6500244140625,1668.6500244140625,1744.949951171875,1653.0,1975868,1721.6500244140625,600,YFINANCE
06-Feb-2025,ADANIGREEN,FUTSTK,,997.5999755859375,1025.9000244140625,1025.9000244140625,993.5,1097383,997.5999755859375,600,YFINANCE
06-Feb-2026,ADANIGREEN,FUTSTK,,971.8499755859375,966.0,974.9500122070312,954.25,1608144,971.8499755859375,600,YFINANCE
06-Jan-2025,ADANIGREEN,FUTSTK,,982.5999755859375,1039.0,1040.5,980.0,3322540,982.5999755859375,600,YFINANCE
06-Jan-2026,ADANIGREEN,FUTSTK,,1019.4000244140625,1031.0,1034.800048828125,1012.7999877929688,891487,1019.4000244140625,600,YFINANCE
06-Jul-2023,ADANIGREEN,FUTSTK,,962.2000122070312,950.9500122070312,972.9000244140625,948.4000244140625,799351,962.2000122070312,600,YFINANCE
06-Jun-2023,ADANIGREEN,FUTSTK,,991.8499755859375,990.0,996.0,980.0,4003295,991.8499755859375,600,YFINANCE
06-Jun-2024,ADANIGREEN,FUTSTK,,1865.199951171875,1875.0,1919.0,1845.0,1909863,1865.199951171875,600,YFINANCE
06-Jun-2025,ADANIGREEN,FUTSTK,,1018.7999877929688,1008.0,1024.199951171875,1004.7999877929688,2617425,1018.7999877929688,600,YFINANCE
06-Mar-2023,ADANIGREEN,FUTSTK,,589.7999877929688,589.7999877929688,589.7999877929688,589.7999877929688,155806,589.7999877929688,600,YFINANCE
06-Mar-2024,ADANIGREEN,FUTSTK,,1910.5,1950.0,1953.5,1894.300048828125,643437,1910.5,600,YFINANCE
06-Mar-2025,ADANIGREEN,FUTSTK,,845.9500122070312,868.7999877929688,872.4500122070312,836.0,10166566,845.9500122070312,600,YFINANCE
06-Mar-2026,ADANIGREEN,FUTSTK,,858.4000244140625,879.5999755859375,894.5499877929688,855.1500244140625,5784124,858.4000244140625,600,YFINANCE
06-May-2024,ADANIGREEN,FUTSTK,,1766.6500244140625,1760.0,1785.949951171875,1750.0,558578,1766.6500244140625,600,YFINANCE
06-May-2025,ADANIGREEN,FUTSTK,,923.25,966.0,971.25,918.0,4153763,923.25,600,YFINANCE
06-Nov-2023,ADANIGREEN,FUTSTK,,926.5,909.9000244140625,929.7999877929688,908.0,619386,926.5,600,YFINANCE
06-Nov-2024,ADANIGREEN,FUTSTK,,1721.1500244140625,1652.0,1733.949951171875,1636.699951171875,966147,1721.1500244140625,600,YFINANCE
06-Nov-2025,ADANIGREEN,FUTSTK,,1060.5,1087.0999755859375,1097.9000244140625,1047.0,2533556,1060.5,600,YFINANCE
06-Oct-2023,ADANIGREEN,FUTSTK,,961.25,965.0,968.9500122070312,958.5499877929688,359021,961.25,600,YFINANCE
06-Oct-2025,ADANIGREEN,FUTSTK,,1059.4000244140625,1070.300048828125,1076.0999755859375,1056.0,1248757,1059.4000244140625,600,YFINANCE
06-Sep-2023,ADANIGREEN,FUTSTK,,1006.0999755859375,963.0,1015.0,954.0,7453688,1006.0999755859375,600,YFINANCE
06-Sep-2024,ADANIGREEN,FUTSTK,,1863.300048828125,1902.9000244140625,1929.449951171875,1852.300048828125,777226,1863.300048828125,600,YFINANCE
07-Apr-2025,ADANIGREEN,FUTSTK,,873.2999877929688,850.0,891.9500122070312,850.0,3317613,873.2999877929688,600,YFINANCE
07-Apr-2026,ADANIGREEN,FUTSTK,,925.3499755859375,921.0999755859375,934.9000244140625,910.0499877929688,4589372,925.3499755859375,600,YFINANCE
07-Aug-2023,ADANIGREEN,FUTSTK,,965.9000244140625,1015.9000244140625,1018.5,885.0999755859375,9340727,965.9000244140625,600,YFINANCE
07-Aug-2024,ADANIGREEN,FUTSTK,,1772.5,1776.75,1791.949951171875,1763.0,576702,1772.5,600,YFINANCE
07-Aug-2025,ADANIGREEN,FUTSTK,,936.7000122070312,951.9500122070312,955.1500244140625,903.5,3658631,936.7000122070312,600,YFINANCE
07-Dec-2023,ADANIGREEN,FUTSTK,,1624.1500244140625,1580.0,1700.0,1565.0,10884637,1624.1500244140625,600,YFINANCE
07-Feb-2024,ADANIGREEN,FUTSTK,,1866.0,1749.5,1990.0,1746.0,8925796,1866.0,600,YFINANCE
07-Feb-2025,ADANIGREEN,FUTSTK,,989.5,999.9000244140625,1009.5499877929688,984.0999755859375,1238324,989.5,600,YFINANCE
07-Jan-2025,ADANIGREEN,FUTSTK,,1005.5,986.9500122070312,1014.7999877929688,985.0999755859375,2637204,1005.5,600,YFINANCE
07-Jan-2026,ADANIGREEN,FUTSTK,,1019.2000122070312,1019.0,1023.7000122070312,1011.4000244140625,742308,1019.2000122070312,600,YFINANCE
07-Jul-2023,ADANIGREEN,FUTSTK,,951.0,962.7999877929688,964.9000244140625,946.0,585951,951.0,600,YFINANCE
07-Jul-2025,ADANIGREEN,FUTSTK,,991.0999755859375,997.0,998.7999877929688,988.7000122070312,863077,991.0999755859375,600,YFINANCE
07-Jun-2023,ADANIGREEN,FUTSTK,,985.5499877929688,1006.8499755859375,1010.0,982.0,1247714,985.5499877929688,600,YFINANCE
07-Jun-2024,ADANIGREEN,FUTSTK,,1864.25,1845.0,1888.949951171875,1812.800048828125,1687744,1864.25,600,YFINANCE
07-Mar-2024,ADANIGREEN,FUTSTK,,1929.0999755859375,1919.9000244140625,1949.949951171875,1910.800048828125,517466,1929.0999755859375,600,YFINANCE
07-Mar-2025,ADANIGREEN,FUTSTK,,837.2000122070312,840.0,847.2999877929688,823.1500244140625,6078435,837.2000122070312,600,YFINANCE
07-May-2024,ADANIGREEN,FUTSTK,,1726.0,1759.0,1790.0,1711.0,456457,1726.0,600,YFINANCE
07-May-2025,ADANIGREEN,FUTSTK,,917.25,901.2000122070312,929.0,901.0999755859375,3179762,917.25,600,YFINANCE
07-Nov-2023,ADANIGREEN,FUTSTK,,932.1500244140625,934.7000122070312,953.25,916.8499755859375,919787,932.1500244140625,600,YFINANCE
07-Nov-2024,ADANIGREEN,FUTSTK,,1642.699951171875,1725.8499755859375,1725.8499755859375,1635.0,848208,1642.699951171875,600,YFINANCE
07-Nov-2025,ADANIGREEN,FUTSTK,,1059.800048828125,1060.5,1075.0999755859375,1040.0,3615119,1059.800048828125,600,YFINANCE
07-Oct-2024,ADANIGREEN,FUTSTK,,1752.449951171875,1801.1500244140625,1815.0999755859375,1735.0,694897,1752.449951171875,600,YFINANCE
07-Oct-2025,ADANIGREEN,FUTSTK,,1060.699951171875,1062.0,1089.4000244140625,1057.300048828125,3579020,1060.699951171875,600,YFINANCE
07-Sep-2023,ADANIGREEN,FUTSTK,,1002.6500244140625,1009.8499755859375,1015.1500244140625,995.0,5105272,1002.6500244140625,600,YFINANCE
08-Apr-2024,ADANIGREEN,FUTSTK,,1919.0999755859375,1948.050048828125,1974.949951171875,1904.4000244140625,893399,1919.0999755859375,600,YFINANCE
08-Apr-2025,ADANIGREEN,FUTSTK,,875.7999877929688,899.0,908.0999755859375,873.2999877929688,3363547,875.7999877929688,600,YFINANCE
08-Aug-2023,ADANIGREEN,FUTSTK,,984.2999877929688,977.7000122070312,1014.7999877929688,973.4000244140625,3855260,984.2999877929688,600,YFINANCE
08-Aug-2024,ADANIGREEN,FUTSTK,,1778.1500244140625,1781.4000244140625,1802.0999755859375,1767.050048828125,539305,1778.1500244140625,600,YFINANCE
08-Aug-2025,ADANIGREEN,FUTSTK,,914.0499877929688,939.8499755859375,946.6500244140625,909.0499877929688,2051171,914.0499877929688,600,YFINANCE
08-Dec-2023,ADANIGREEN,FUTSTK,,1550.300048828125,1645.0,1668.800048828125,1495.0,5410307,1550.300048828125,600,YFINANCE
08-Dec-2025,ADANIGREEN,FUTSTK,,993.7999877929688,1016.0999755859375,1021.0,990.0,1311474,993.7999877929688,600,YFINANCE
08-Feb-2023,ADANIGREEN,FUTSTK,,802.4500122070312,831.0,869.7999877929688,802.4500122070312,11524691,802.4500122070312,600,YFINANCE
08-Feb-2024,ADANIGREEN,FUTSTK,,1827.949951171875,1884.0999755859375,1918.0,1820.0,1698528,1827.949951171875,600,YFINANCE
08-Jan-2024,ADANIGREEN,FUTSTK,,1680.050048828125,1685.300048828125,1714.0,1665.0,1137776,1680.050048828125,600,YFINANCE
08-Jan-2025,ADANIGREEN,FUTSTK,,988.9500122070312,1010.0,1011.5499877929688,981.0,1702163,988.9500122070312,600,YFINANCE
08-Jan-2026,ADANIGREEN,FUTSTK,,988.7999877929688,1024.0999755859375,1024.0999755859375,982.9000244140625,1993966,988.7999877929688,600,YFINANCE
08-Jul-2024,ADANIGREEN,FUTSTK,,1756.449951171875,1759.949951171875,1765.449951171875,1729.0,490893,1756.449951171875,600,YFINANCE
08-Jul-2025,ADANIGREEN,FUTSTK,,992.0,991.7999877929688,1005.0,981.2999877929688,1069668,992.0,600,YFINANCE
08-Jun-2023,ADANIGREEN,FUTSTK,,976.0,987.0,993.4000244140625,971.0,636876,976.0,600,YFINANCE
08-Mar-2023,ADANIGREEN,FUTSTK,,619.25,619.25,619.25,619.25,133344,619.25,600,YFINANCE
08-May-2023,ADANIGREEN,FUTSTK,,917.2999877929688,922.0,925.9500122070312,903.2999877929688,3406153,917.2999877929688,600,YFINANCE
08-May-2024,ADANIGREEN,FUTSTK,,1773.0,1728.0,1799.0,1725.300048828125,397007,1773.0,600,YFINANCE
08-May-2025,ADANIGREEN,FUTSTK,,880.5,926.0499877929688,933.2000122070312,870.2000122070312,4281975,880.5,600,YFINANCE
08-Nov-2023,ADANIGREEN,FUTSTK,,946.6500244140625,934.9500122070312,950.5999755859375,932.0,492815,946.6500244140625,600,YFINANCE
08-Nov-2024,ADANIGREEN,FUTSTK,,1598.550048828125,1640.050048828125,1645.0,1581.4000244140625,546531,1598.550048828125,600,YFINANCE
08-Oct-2024,ADANIGREEN,FUTSTK,,1813.8499755859375,1751.0,1822.0,1725.550048828125,752389,1813.8499755859375,600,YFINANCE
08-Oct-2025,ADANIGREEN,FUTSTK,,1045.0999755859375,1063.0,1064.300048828125,1032.300048828125,2026547,1045.0999755859375,600,YFINANCE
08-Sep-2023,ADANIGREEN,FUTSTK,,1001.2000122070312,1002.6500244140625,1012.3499755859375,998.0,5254899,1001.2000122070312,600,YFINANCE
08-Sep-2025,ADANIGREEN,FUTSTK,,937.2000122070312,934.9000244140625,945.0,931.8499755859375,1662382,937.2000122070312,600,YFINANCE
09-Apr-2024,ADANIGREEN,FUTSTK,,1916.199951171875,1930.4000244140625,1945.0,1908.949951171875,294088,1916.199951171875,600,YFINANCE
09-Apr-2025,ADANIGREEN,FUTSTK,,860.75,874.0,878.9500122070312,850.5,2518172,860.75,600,YFINANCE
09-Aug-2023,ADANIGREEN,FUTSTK,,971.2999877929688,994.9000244140625,1003.0,960.0999755859375,1692921,971.2999877929688,600,YFINANCE
09-Aug-2024,ADANIGREEN,FUTSTK,,1780.8499755859375,1800.0,1806.0,1772.0,392051,1780.8499755859375,600,YFINANCE
09-Dec-2024,ADANIGREEN,FUTSTK,,1216.949951171875,1210.6500244140625,1236.0,1180.0,3505936,1216.949951171875,600,YFINANCE
09-Dec-2025,ADANIGREEN,FUTSTK,,998.9000244140625,993.9000244140625,1010.5,980.5999755859375,2593247,998.9000244140625,600,YFINANCE
09-Feb-2023,ADANIGREEN,FUTSTK,,762.3499755859375,770.0499877929688,798.9500122070312,762.3499755859375,4729491,762.3499755859375,600,YFINANCE
09-Feb-2024,ADANIGREEN,FUTSTK,,1880.699951171875,1836.9000244140625,1918.0,1805.550048828125,3159808,1880.699951171875,600,YFINANCE
09-Feb-2026,ADANIGREEN,FUTSTK,,982.6500244140625,985.0,996.25,976.4500122070312,1645440,982.6500244140625,600,YFINANCE
09-Jan-2024,ADANIGREEN,FUTSTK,,1683.4000244140625,1698.050048828125,1725.0,1679.050048828125,939531,1683.4000244140625,600,YFINANCE
09-Jan-2025,ADANIGREEN,FUTSTK,,977.7000122070312,989.5,1002.0,975.0999755859375,1237540,977.7000122070312,600,YFINANCE
09-Jan-2026,ADANIGREEN,FUTSTK,,946.0999755859375,988.0,991.0,942.2000122070312,2326860,946.0999755859375,600,YFINANCE
09-Jul-2024,ADANIGREEN,FUTSTK,,1756.300048828125,1761.0,1815.0,1748.300048828125,674011,1756.300048828125,600,YFINANCE
09-Jul-2025,ADANIGREEN,FUTSTK,,995.2000122070312,997.0999755859375,1011.0,993.2000122070312,1480019,995.2000122070312,600,YFINANCE
09-Jun-2023,ADANIGREEN,FUTSTK,,963.6500244140625,972.0,977.0,961.25,416990,963.6500244140625,600,YFINANCE
09-Jun-2025,ADANIGREEN,FUTSTK,,1034.300048828125,1024.199951171875,1044.4000244140625,1020.0,3700815,1034.300048828125,600,YFINANCE
09-Mar-2023,ADANIGREEN,FUTSTK,,650.2000122070312,650.2000122070312,650.2000122070312,650.2000122070312,784131,650.2000122070312,600,YFINANCE
09-Mar-2026,ADANIGREEN,FUTSTK,,854.1500244140625,841.0,858.0,825.0,1922632,854.1500244140625,600,YFINANCE
09-May-2023,ADANIGREEN,FUTSTK,,903.1500244140625,917.2999877929688,928.9000244140625,899.3499755859375,3476977,903.1500244140625,600,YFINANCE
09-May-2024,ADANIGREEN,FUTSTK,,1712.1500244140625,1788.0,1821.6500244140625,1702.1500244140625,490718,1712.1500244140625,600,YFINANCE
09-May-2025,ADANIGREEN,FUTSTK,,879.4500122070312,859.4000244140625,887.8499755859375,854.3499755859375,3051122,879.4500122070312,600,YFINANCE
09-Nov-2023,ADANIGREEN,FUTSTK,,938.0999755859375,953.0,953.7000122070312,933.5,359924,938.0999755859375,600,YFINANCE
09-Oct-2023,ADANIGREEN,FUTSTK,,938.9500122070312,955.0,955.0,935.6500244140625,574852,938.9500122070312,600,YFINANCE
09-Oct-2024,ADANIGREEN,FUTSTK,,1784.449951171875,1827.0,1833.949951171875,1779.449951171875,542956,1784.449951171875,600,YFINANCE
09-Oct-2025,ADANIGREEN,FUTSTK,,1051.5,1045.5,1055.800048828125,1042.699951171875,1148919,1051.5,600,YFINANCE
09-Sep-2024,ADANIGREEN,FUTSTK,,1865.75,1865.0,1882.6500244140625,1822.4000244140625,717802,1865.75,600,YFINANCE
09-Sep-2025,ADANIGREEN,FUTSTK,,943.7000122070312,941.9000244140625,947.5,935.7999877929688,868754,943.7000122070312,600,YFINANCE
10-Apr-2023,ADANIGREEN,FUTSTK,,899.1500244140625,897.0,899.1500244140625,885.6500244140625,1891503,899.1500244140625,600,YFINANCE
10-Apr-2024,ADANIGREEN,FUTSTK,,1907.5,1920.050048828125,1924.1500244140625,1895.0,301534,1907.5,600,YFINANCE
10-Aug-2023,ADANIGREEN,FUTSTK,,973.9000244140625,976.6500244140625,988.0,970.4500122070312,1202964,973.9000244140625,600,YFINANCE
10-Dec-2024,ADANIGREEN,FUTSTK,,1176.6500244140625,1224.949951171875,1224.949951171875,1165.3499755859375,3096278,1176.6500244140625,600,YFINANCE
10-Dec-2025,ADANIGREEN,FUTSTK,,989.7999877929688,1014.9000244140625,1027.800048828125,981.0,3913329,989.7999877929688,600,YFINANCE
10-Feb-2023,ADANIGREEN,FUTSTK,,724.25,732.0,744.0,724.25,2074917,724.25,600,YFINANCE
10-Feb-2025,ADANIGREEN,FUTSTK,,954.0499877929688,996.0,998.9500122070312,950.0499877929688,1527205,954.0499877929688,600,YFINANCE
10-Feb-2026,ADANIGREEN,FUTSTK,,978.2999877929688,985.7999877929688,987.7999877929688,953.0499877929688,2057124,978.2999877929688,600,YFINANCE
10-Jan-2024,ADANIGREEN,FUTSTK,,1723.25,1704.0,1755.0,1691.0,2417233,1723.25,600,YFINANCE
10-Jan-2025,ADANIGREEN,FUTSTK,,943.0499877929688,970.0499877929688,977.5,940.4000244140625,2096676,943.0499877929688,600,YFINANCE
10-Jul-2023,ADANIGREEN,FUTSTK,,959.4500122070312,959.8499755859375,973.0,935.25,828417,959.4500122070312,600,YFINANCE
10-Jul-2024,ADANIGREEN,FUTSTK,,1755.6500244140625,1766.699951171875,1770.5999755859375,1732.1500244140625,438959,1755.6500244140625,600,YFINANCE
10-Jul-2025,ADANIGREEN,FUTSTK,,995.7999877929688,999.7000122070312,1007.9000244140625,992.2999877929688,1057492,995.7999877929688,600,YFINANCE
10-Jun-2024,ADANIGREEN,FUTSTK,,1880.3499755859375,1929.0,1935.0,1859.800048828125,1239388,1880.3499755859375,600,YFINANCE
10-Jun-2025,ADANIGREEN,FUTSTK,,1060.5,1039.699951171875,1077.0,1034.699951171875,5441911,1060.5,600,YFINANCE
10-Mar-2023,ADANIGREEN,FUTSTK,,682.7000122070312,675.0,682.7000122070312,663.25,2561407,682.7000122070312,600,YFINANCE
10-Mar-2025,ADANIGREEN,FUTSTK,,826.0499877929688,840.9000244140625,871.0,823.25,6595111,826.0499877929688,600,YFINANCE
10-Mar-2026,ADANIGREEN,FUTSTK,,856.9000244140625,875.0,878.9500122070312,843.25,3240047,856.9000244140625,600,YFINANCE
10-May-2023,ADANIGREEN,FUTSTK,,902.3499755859375,890.0,905.0,885.0,3682237,902.3499755859375,600,YFINANCE
10-May-2024,ADANIGREEN,FUTSTK,,1714.75,1730.050048828125,1758.0,1700.050048828125,2252527,1714.75,600,YFINANCE
10-Nov-2023,ADANIGREEN,FUTSTK,,938.7000122070312,942.7999877929688,946.2000122070312,927.0499877929688,311274,938.7000122070312,600,YFINANCE
10-Nov-2025,ADANIGREEN,FUTSTK,,1041.300048828125,1066.9000244140625,1088.0,1035.199951171875,2240298,1041.300048828125,600,YFINANCE
10-Oct-2023,ADANIGREEN,FUTSTK,,939.75,941.0499877929688,949.0,938.0,356178,939.75,600,YFINANCE
10-Oct-2024,ADANIGREEN,FUTSTK,,1780.5,1804.699951171875,1804.699951171875,1758.199951171875,595689,1780.5,600,YFINANCE
10-Oct-2025,ADANIGREEN,FUTSTK,,1064.300048828125,1048.0999755859375,1072.199951171875,1048.0999755859375,1335270,1064.300048828125,600,YFINANCE
10-Sep-2024,ADANIGREEN,FUTSTK,,1849.699951171875,1866.0,1893.0,1838.5,535037,1849.699951171875,600,YFINANCE
10-Sep-2025,ADANIGREEN,FUTSTK,,963.3499755859375,946.5,973.0,945.7999877929688,1995294,963.3499755859375,600,YFINANCE
11-Apr-2023,ADANIGREEN,FUTSTK,,944.0999755859375,936.0,944.0999755859375,936.0,1163105,944.0999755859375,600,YFINANCE
11-Apr-2025,ADANIGREEN,FUTSTK,,893.6500244140625,890.0,903.4000244140625,878.7000122070312,2380909,893.6500244140625,600,YFINANCE
11-Aug-2023,ADANIGREEN,FUTSTK,,971.3499755859375,979.0499877929688,988.0,967.0499877929688,816244,971.3499755859375,600,YFINANCE
11-Aug-2025,ADANIGREEN,FUTSTK,,929.0999755859375,914.0499877929688,933.1500244140625,908.0,1612977,929.0999755859375,600,YFINANCE
11-Dec-2023,ADANIGREEN,FUTSTK,,1530.0,1554.4000244140625,1579.0,1475.0,2705685,1530.0,600,YFINANCE
11-Dec-2024,ADANIGREEN,FUTSTK,,1148.050048828125,1171.0,1189.449951171875,1143.0,2666340,1148.050048828125,600,YFINANCE
11-Dec-2025,ADANIGREEN,FUTSTK,,1018.7999877929688,995.0,1026.4000244140625,975.0,5927384,1018.7999877929688,600,YFINANCE
11-Feb-2025,ADANIGREEN,FUTSTK,,946.2000122070312,965.0,985.9000244140625,938.0499877929688,3770394,946.2000122070312,600,YFINANCE
11-Feb-2026,ADANIGREEN,FUTSTK,,994.75,977.0,998.1500244140625,975.0499877929688,1489878,994.75,600,YFINANCE
11-Jan-2024,ADANIGREEN,FUTSTK,,1714.1500244140625,1739.0,1762.050048828125,1702.0,985473,1714.1500244140625,600,YFINANCE
11-Jul-2023,ADANIGREEN,FUTSTK,,965.1500244140625,952.0,973.0,946.0,603865,965.1500244140625,600,YFINANCE
11-Jul-2024,ADANIGREEN,FUTSTK,,1747.050048828125,1756.0,1763.4000244140625,1740.0,351498,1747.050048828125,600,YFINANCE
11-Jul-2025,ADANIGREEN,FUTSTK,,995.2000122070312,999.7999877929688,1010.9000244140625,985.2000122070312,1850757,995.2000122070312,600,YFINANCE
11-Jun-2024,ADANIGREEN,FUTSTK,,1855.699951171875,1898.0,1898.0,1840.0,666368,1855.699951171875,600,YFINANCE
11-Jun-2025,ADANIGREEN,FUTSTK,,1046.800048828125,1066.0,1070.0,1033.300048828125,2515373,1046.800048828125,600,YFINANCE
11-Mar-2024,ADANIGREEN,FUTSTK,,1930.300048828125,1930.0,1983.550048828125,1904.0999755859375,755932,1930.300048828125,600,YFINANCE
11-Mar-2025,ADANIGREEN,FUTSTK,,824.2000122070312,819.25,834.3499755859375,810.5999755859375,3495317,824.2000122070312,600,YFINANCE
11-Mar-2026,ADANIGREEN,FUTSTK,,849.6500244140625,866.5999755859375,877.9000244140625,846.9000244140625,3005645,849.6500244140625,600,YFINANCE
11-May-2023,ADANIGREEN,FUTSTK,,913.5499877929688,904.4000244140625,925.0,904.4000244140625,1061641,913.5499877929688,600,YFINANCE
11-Nov-2024,ADANIGREEN,FUTSTK,,1557.4000244140625,1590.0999755859375,1599.550048828125,1550.300048828125,430658,1557.4000244140625,600,YFINANCE
11-Nov-2025,ADANIGREEN,FUTSTK,,1044.199951171875,1049.0,1051.0,1031.4000244140625,1629631,1044.199951171875,600,YFINANCE
11-Oct-2023,ADANIGREEN,FUTSTK,,962.4500122070312,949.6500244140625,970.8499755859375,946.2999877929688,775846,962.4500122070312,600,YFINANCE
11-Oct-2024,ADANIGREEN,FUTSTK,,1792.199951171875,1782.0,1807.0,1767.0,475444,1792.199951171875,600,YFINANCE
11-Sep-2023,ADANIGREEN,FUTSTK,,1014.6500244140625,1017.9500122070312,1025.8499755859375,1002.7999877929688,7208880,1014.6500244140625,600,YFINANCE
11-Sep-2024,ADANIGREEN,FUTSTK,,1814.449951171875,1852.0999755859375,1865.0,1809.0999755859375,515632,1814.449951171875,600,YFINANCE
11-Sep-2025,ADANIGREEN,FUTSTK,,976.3499755859375,965.0,1004.7999877929688,961.2000122070312,3601127,976.3499755859375,600,YFINANCE
12-Apr-2023,ADANIGREEN,FUTSTK,,941.8499755859375,991.2999877929688,991.2999877929688,920.0,8203268,941.8499755859375,600,YFINANCE
12-Apr-2024,ADANIGREEN,FUTSTK,,1884.050048828125,1907.9000244140625,1925.0,1880.0,393681,1884.050048828125,600,YFINANCE
12-Aug-2024,ADANIGREEN,FUTSTK,,1798.300048828125,1725.0,1816.0,1667.5,4029054,1798.300048828125,600,YFINANCE
12-Aug-2025,ADANIGREEN,FUTSTK,,930.9000244140625,929.0999755859375,941.0,927.5,1096445,930.9000244140625,600,YFINANCE
12-Dec-2023,ADANIGREEN,FUTSTK,,1463.9000244140625,1532.8499755859375,1539.9000244140625,1453.5,2007520,1463.9000244140625,600,YFINANCE
12-Dec-2024,ADANIGREEN,FUTSTK,,1217.949951171875,1143.8499755859375,1249.0,1124.199951171875,10821668,1217.949951171875,600,YFINANCE
12-Dec-2025,ADANIGREEN,FUTSTK,,1040.199951171875,1024.0,1042.0,1024.0,2615096,1040.199951171875,600,YFINANCE
12-Feb-2024,ADANIGREEN,FUTSTK,,1842.5999755859375,1888.050048828125,1908.0,1830.0,2383164,1842.5999755859375,600,YFINANCE
12-Feb-2025,ADANIGREEN,FUTSTK,,916.9000244140625,950.0499877929688,956.9500122070312,897.0499877929688,4095054,916.9000244140625,600,YFINANCE
12-Feb-2026,ADANIGREEN,FUTSTK,,997.6500244140625,992.4500122070312,999.5999755859375,980.0499877929688,1250477,997.6500244140625,600,YFINANCE
12-Jan-2024,ADANIGREEN,FUTSTK,,1710.699951171875,1725.5999755859375,1746.0999755859375,1705.0999755859375,620508,1710.699951171875,600,YFINANCE
12-Jan-2026,ADANIGREEN,FUTSTK,,942.2000122070312,947.7999877929688,949.0999755859375,921.2000122070312,2143293,942.2000122070312,600,YFINANCE
12-Jul-2023,ADANIGREEN,FUTSTK,,954.5499877929688,963.0499877929688,969.4500122070312,950.0,550399,954.5499877929688,600,YFINANCE
12-Jul-2024,ADANIGREEN,FUTSTK,,1735.25,1752.949951171875,1756.75,1729.0,365490,1735.25,600,YFINANCE
12-Jun-2023,ADANIGREEN,FUTSTK,,961.0999755859375,968.9500122070312,970.0,955.0,431395,961.0999755859375,600,YFINANCE
12-Jun-2024,ADANIGREEN,FUTSTK,,1827.3499755859375,1859.9000244140625,1868.5999755859375,1818.6500244140625,596596,1827.3499755859375,600,YFINANCE
12-Jun-2025,ADANIGREEN,FUTSTK,,1015.7999877929688,1050.0,1050.0,1012.0,2183895,1015.7999877929688,600,YFINANCE
12-Mar-2024,ADANIGREEN,FUTSTK,,1897.0999755859375,1930.0,1939.0,1873.0999755859375,639409,1897.0999755859375,600,YFINANCE
12-Mar-2025,ADANIGREEN,FUTSTK,,853.4500122070312,834.4000244140625,858.0,806.3499755859375,4826264,853.4500122070312,600,YFINANCE
12-Mar-2026,ADANIGREEN,FUTSTK,,866.5499877929688,849.5999755859375,881.9500122070312,837.4000244140625,6591414,866.5499877929688,600,YFINANCE
12-May-2023,ADANIGREEN,FUTSTK,,895.5999755859375,920.0,920.0,894.25,749875,895.5999755859375,600,YFINANCE
12-May-2025,ADANIGREEN,FUTSTK,,940.5499877929688,914.9000244140625,945.0,911.0499877929688,6222615,940.5499877929688,600,YFINANCE
12-Nov-2024,ADANIGREEN,FUTSTK,,1524.1500244140625,1550.0,1573.0,1511.0,523181,1524.1500244140625,600,YFINANCE
12-Nov-2025,ADANIGREEN,FUTSTK,,1070.800048828125,1050.199951171875,1094.9000244140625,1050.199951171875,4147036,1070.800048828125,600,YFINANCE
12-Oct-2023,ADANIGREEN,FUTSTK,,948.6500244140625,965.9500122070312,969.9500122070312,945.1500244140625,353632,948.6500244140625,600,YFINANCE
12-Sep-2023,ADANIGREEN,FUTSTK,,1004.7999877929688,1021.9500122070312,1026.949951171875,985.0,7833978,1004.7999877929688,600,YFINANCE
12-Sep-2024,ADANIGREEN,FUTSTK,,1811.9000244140625,1822.449951171875,1834.9000244140625,1805.300048828125,456050,1811.9000244140625,600,YFINANCE
12-Sep-2025,ADANIGREEN,FUTSTK,,981.7000122070312,981.0,986.5499877929688,975.4500122070312,1086098,981.7000122070312,600,YFINANCE
13-Apr-2023,ADANIGREEN,FUTSTK,,941.1500244140625,939.5499877929688,963.7999877929688,920.0,2585526,941.1500244140625,600,YFINANCE
13-Aug-2024,ADANIGREEN,FUTSTK,,1825.6500244140625,1816.199951171875,1847.4000244140625,1809.1500244140625,1303132,1825.6500244140625,600,YFINANCE
13-Aug-2025,ADANIGREEN,FUTSTK,,924.1500244140625,932.0999755859375,938.4500122070312,919.5,1023795,924.1500244140625,600,YFINANCE
13-Dec-2023,ADANIGREEN,FUTSTK,,1427.699951171875,1459.0,1459.949951171875,1375.0,2826807,1427.699951171875,600,YFINANCE
13-Dec-2024,ADANIGREEN,FUTSTK,,1198.4000244140625,1220.0,1252.300048828125,1179.300048828125,6893497,1198.4000244140625,600,YFINANCE
13-Feb-2023,ADANIGREEN,FUTSTK,,688.0499877929688,688.0499877929688,688.0499877929688,688.0499877929688,294782,688.0499877929688,600,YFINANCE
13-Feb-2024,ADANIGREEN,FUTSTK,,1815.550048828125,1853.0,1861.5,1734.300048828125,1771092,1815.550048828125,600,YFINANCE
13-Feb-2025,ADANIGREEN,FUTSTK,,913.75,927.0499877929688,945.9500122070312,908.0499877929688,2474769,913.75,600,YFINANCE
13-Feb-2026,ADANIGREEN,FUTSTK,,950.5,988.9000244140625,989.9000244140625,943.75,2943844,950.5,600,YFINANCE
13-Jan-2025,ADANIGREEN,FUTSTK,,889.75,937.7999877929688,937.7999877929688,885.0,2618478,889.75,600,YFINANCE
13-Jan-2026,ADANIGREEN,FUTSTK,,936.7000122070312,952.4000244140625,952.4000244140625,927.4000244140625,2066428,936.7000122070312,600,YFINANCE
13-Jul-2023,ADANIGREEN,FUTSTK,,947.0499877929688,960.0,970.0,945.0,542919,947.0499877929688,600,YFINANCE
13-Jun-2023,ADANIGREEN,FUTSTK,,955.2999877929688,961.0,963.9000244140625,946.0499877929688,476248,955.2999877929688,600,YFINANCE
13-Jun-2024,ADANIGREEN,FUTSTK,,1797.550048828125,1839.1500244140625,1853.8499755859375,1792.050048828125,836369,1797.550048828125,600,YFINANCE
13-Jun-2025,ADANIGREEN,FUTSTK,,989.5,996.0,1002.9000244140625,985.2999877929688,2435259,989.5,600,YFINANCE
13-Mar-2023,ADANIGREEN,FUTSTK,,716.7999877929688,716.7999877929688,716.7999877929688,716.7999877929688,854810,716.7999877929688,600,YFINANCE
13-Mar-2024,ADANIGREEN,FUTSTK,,1725.0,1897.0999755859375,1916.5999755859375,1650.0,2348187,1725.0,600,YFINANCE
13-Mar-2025,ADANIGREEN,FUTSTK,,873.6500244140625,874.0,896.8499755859375,858.0,11779180,873.6500244140625,600,YFINANCE
13-Mar-2026,ADANIGREEN,FUTSTK,,861.3499755859375,865.25,878.75,844.0,6756426,861.3499755859375,600,YFINANCE
13-May-2024,ADANIGREEN,FUTSTK,,1715.1500244140625,1710.0999755859375,1735.0,1660.0,3451084,1715.1500244140625,600,YFINANCE
13-May-2025,ADANIGREEN,FUTSTK,,958.0499877929688,940.5499877929688,973.7000122070312,933.2000122070312,4260617,958.0499877929688,600,YFINANCE
13-Nov-2023,ADANIGREEN,FUTSTK,,940.1500244140625,942.0499877929688,946.9000244140625,932.5999755859375,341112,940.1500244140625,600,YFINANCE
13-Nov-2024,ADANIGREEN,FUTSTK,,1468.449951171875,1503.0,1542.550048828125,1459.550048828125,632049,1468.449951171875,600,YFINANCE
13-Nov-2025,ADANIGREEN,FUTSTK,,1076.800048828125,1080.0,1088.0,1063.300048828125,1991752,1076.800048828125,600,YFINANCE
13-Oct-2023,ADANIGREEN,FUTSTK,,948.9000244140625,949.9500122070312,952.5,941.7000122070312,290187,948.9000244140625,600,YFINANCE
13-Oct-2025,ADANIGREEN,FUTSTK,,1051.300048828125,1054.300048828125,1062.4000244140625,1043.199951171875,1572244,1051.300048828125,600,YFINANCE
13-Sep-2023,ADANIGREEN,FUTSTK,,985.7999877929688,1002.75,1002.9000244140625,967.0,962195,985.7999877929688,600,YFINANCE
13-Sep-2024,ADANIGREEN,FUTSTK,,1788.199951171875,1807.0,1819.800048828125,1780.4000244140625,452365,1788.199951171875,600,YFINANCE
14-Aug-2023,ADANIGREEN,FUTSTK,,951.25,950.0,958.7999877929688,940.0999755859375,1039901,951.25,600,YFINANCE
14-Aug-2024,ADANIGREEN,FUTSTK,,1808.300048828125,1800.0,1826.449951171875,1783.4000244140625,815835,1808.300048828125,600,YFINANCE
14-Aug-2025,ADANIGREEN,FUTSTK,,917.5,925.0,933.0,914.0499877929688,1031515,917.5,600,YFINANCE
14-Dec-2023,ADANIGREEN,FUTSTK,,1508.300048828125,1435.949951171875,1535.0,1435.949951171875,3437936,1508.300048828125,600,YFINANCE
14-Feb-2023,ADANIGREEN,FUTSTK,,653.6500244140625,653.6500244140625,653.6500244140625,653.6500244140625,206263,653.6500244140625,600,YFINANCE
14-Feb-2024,ADANIGREEN,FUTSTK,,1852.25,1813.0,1882.949951171875,1796.4000244140625,2627140,1852.25,600,YFINANCE
14-Feb-2025,ADANIGREEN,FUTSTK,,884.4000244140625,920.0,923.6500244140625,873.0,2874948,884.4000244140625,600,YFINANCE
14-Jan-2025,ADANIGREEN,FUTSTK,,1006.8499755859375,898.0499877929688,1018.4000244140625,897.5,17198310,1006.8499755859375,600,YFINANCE
14-Jan-2026,ADANIGREEN,FUTSTK,,935.2999877929688,935.5,945.0,932.0999755859375,774904,935.2999877929688,600,YFINANCE
14-Jul-2023,ADANIGREEN,FUTSTK,,965.2000122070312,952.9500122070312,968.2999877929688,945.9500122070312,618578,965.2000122070312,600,YFINANCE
14-Jul-2025,ADANIGREEN,FUTSTK,,1025.9000244140625,995.7999877929688,1036.0,994.2000122070312,5134094,1025.9000244140625,600,YFINANCE
14-Jun-2023,ADANIGREEN,FUTSTK,,957.6500244140625,955.0,961.0,948.0999755859375,381844,957.6500244140625,600,YFINANCE
14-Jun-2024,ADANIGREEN,FUTSTK,,1806.300048828125,1799.0,1825.0,1787.050048828125,1154364,1806.300048828125,600,YFINANCE
14-Mar-2023,ADANIGREEN,FUTSTK,,706.0999755859375,714.0,729.2999877929688,681.0,9935463,706.0999755859375,600,YFINANCE
14-Mar-2024,ADANIGREEN,FUTSTK,,1895.300048828125,1716.0,1913.0,1663.199951171875,1875930,1895.300048828125,600,YFINANCE
14-May-2024,ADANIGREEN,FUTSTK,,1788.800048828125,1719.0,1800.0,1685.0,3657569,1788.800048828125,600,YFINANCE
14-May-2025,ADANIGREEN,FUTSTK,,967.25,966.0,975.0,957.7999877929688,3634440,967.25,600,YFINANCE
14-Nov-2024,ADANIGREEN,FUTSTK,,1490.300048828125,1480.0,1519.949951171875,1473.8499755859375,571469,1490.300048828125,600,YFINANCE
14-Nov-2025,ADANIGREEN,FUTSTK,,1068.800048828125,1082.9000244140625,1104.9000244140625,1060.0,3567619,1068.800048828125,600,YFINANCE
14-Oct-2024,ADANIGREEN,FUTSTK,,1775.3499755859375,1793.0,1804.3499755859375,1765.050048828125,369972,1775.3499755859375,600,YFINANCE
14-Oct-2025,ADANIGREEN,FUTSTK,,1036.199951171875,1052.0,1054.699951171875,1024.0999755859375,1757848,1036.199951171875,600,YFINANCE
14-Sep-2023,ADANIGREEN,FUTSTK,,983.7999877929688,990.9500122070312,999.9500122070312,982.0,466895,983.7999877929688,600,YFINANCE
15-Apr-2024,ADANIGREEN,FUTSTK,,1815.0999755859375,1801.0,1850.0,1800.0,978516,1815.0999755859375,600,YFINANCE
15-Apr-2025,ADANIGREEN,FUTSTK,,936.6500244140625,910.0,942.0,901.2999877929688,2944940,936.6500244140625,600,YFINANCE
15-Dec-2023,ADANIGREEN,FUTSTK,,1526.6500244140625,1527.6500244140625,1541.0,1501.4000244140625,1698622,1526.6500244140625,600,YFINANCE
15-Dec-2025,ADANIGREEN,FUTSTK,,1047.5999755859375,1044.699951171875,1058.699951171875,1038.9000244140625,2027683,1047.5999755859375,600,YFINANCE
15-Feb-2023,ADANIGREEN,FUTSTK,,621.0,621.0,621.0,621.0,307402,621.0,600,YFINANCE
15-Feb-2024,ADANIGREEN,FUTSTK,,1900.75,1868.0,1959.699951171875,1857.1500244140625,3184514,1900.75,600,YFINANCE
15-Jan-2024,ADANIGREEN,FUTSTK,,1694.800048828125,1725.0,1727.0999755859375,1685.0,687285,1694.800048828125,600,YFINANCE
15-Jan-2025,ADANIGREEN,FUTSTK,,1035.050048828125,1040.0,1080.0,1023.5,13279463,1035.050048828125,600,YFINANCE
15-Jan-2026,ADANIGREEN,FUTSTK,,935.2999877929688,935.2999877929688,935.2999877929688,935.2999877929688,0,935.2999877929688,600,YFINANCE
15-Jul-2024,ADANIGREEN,FUTSTK,,1741.0999755859375,1736.0,1749.800048828125,1726.0,293609,1741.0999755859375,600,YFINANCE
15-Jul-2025,ADANIGREEN,FUTSTK,,1033.0999755859375,1027.0,1042.0,1026.0,2064201,1033.0999755859375,600,YFINANCE
15-Jun-2023,ADANIGREEN,FUTSTK,,962.5999755859375,952.5,991.0,951.0,969057,962.5999755859375,600,YFINANCE
15-Mar-2023,ADANIGREEN,FUTSTK,,740.4000244140625,725.0,741.4000244140625,716.8499755859375,3892260,740.4000244140625,600,YFINANCE
15-Mar-2024,ADANIGREEN,FUTSTK,,1902.5999755859375,1902.0,1944.949951171875,1870.449951171875,1749994,1902.5999755859375,600,YFINANCE
15-May-2023,ADANIGREEN,FUTSTK,,868.7000122070312,905.0,913.7999877929688,864.0,868695,868.7000122070312,600,YFINANCE
15-May-2024,ADANIGREEN,FUTSTK,,1839.1500244140625,1790.0,1845.0,1782.6500244140625,8281198,1839.1500244140625,600,YFINANCE
15-May-2025,ADANIGREEN,FUTSTK,,967.9000244140625,972.0999755859375,972.7999877929688,953.4000244140625,4951675,967.9000244140625,600,YFINANCE
15-Nov-2023,ADANIGREEN,FUTSTK,,950.1500244140625,952.0,954.9000244140625,940.0499877929688,412643,950.1500244140625,600,YFINANCE
15-Oct-2024,ADANIGREEN,FUTSTK,,1763.0,1777.0,1783.9000244140625,1750.0,335436,1763.0,600,YFINANCE
15-Oct-2025,ADANIGREEN,FUTSTK,,1043.800048828125,1039.0,1052.5,1034.0999755859375,1161123,1043.800048828125,600,YFINANCE
15-Sep-2023,ADANIGREEN,FUTSTK,,1006.4500122070312,990.0,1012.0,983.7999877929688,1393292,1006.4500122070312,600,YFINANCE
15-Sep-2025,ADANIGREEN,FUTSTK,,986.7000122070312,984.0,993.7999877929688,983.4500122070312,924070,986.7000122070312,600,YFINANCE
16-Apr-2024,ADANIGREEN,FUTSTK,,1811.6500244140625,1803.0,1838.0999755859375,1802.199951171875,495006,1811.6500244140625,600,YFINANCE
16-Apr-2025,ADANIGREEN,FUTSTK,,945.5999755859375,936.9500122070312,955.9500122070312,931.5,2203548,945.5999755859375,600,YFINANCE
16-Aug-2023,ADANIGREEN,FUTSTK,,948.5,956.5999755859375,962.75,942.7999877929688,812634,948.5,600,YFINANCE
16-Aug-2024,ADANIGREEN,FUTSTK,,1831.0,1808.300048828125,1840.0,1787.0,883836,1831.0,600,YFINANCE
16-Dec-2024,ADANIGREEN,FUTSTK,,1168.050048828125,1200.949951171875,1210.5,1163.6500244140625,2717545,1168.050048828125,600,YFINANCE
16-Dec-2025,ADANIGREEN,FUTSTK,,1028.199951171875,1044.0,1044.0,1022.2000122070312,1086779,1028.199951171875,600,YFINANCE
16-Feb-2023,ADANIGREEN,FUTSTK,,616.2999877929688,632.0,652.0499877929688,591.0999755859375,13543834,616.2999877929688,600,YFINANCE
16-Feb-2024,ADANIGREEN,FUTSTK,,1904.75,1910.050048828125,1930.75,1891.6500244140625,1701073,1904.75,600,YFINANCE
16-Feb-2026,ADANIGREEN,FUTSTK,,991.25,949.5,999.0,936.4500122070312,4171950,991.25,600,YFINANCE
16-Jan-2024,ADANIGREEN,FUTSTK,,1666.800048828125,1693.5,1693.800048828125,1660.0,961314,1666.800048828125,600,YFINANCE
16-Jan-2025,ADANIGREEN,FUTSTK,,1070.25,1107.050048828125,1127.0,1063.4000244140625,7083726,1070.25,600,YFINANCE
16-Jan-2026,ADANIGREEN,FUTSTK,,930.0999755859375,935.2999877929688,946.7999877929688,926.2999877929688,1088002,930.0999755859375,600,YFINANCE
16-Jul-2024,ADANIGREEN,FUTSTK,,1759.949951171875,1757.949951171875,1820.0,1750.5,1231412,1759.949951171875,600,YFINANCE
16-Jul-2025,ADANIGREEN,FUTSTK,,1038.5999755859375,1033.0999755859375,1049.5,1033.0999755859375,2548383,1038.5999755859375,600,YFINANCE
16-Jun-2023,ADANIGREEN,FUTSTK,,975.0499877929688,967.9500122070312,987.0,963.4000244140625,1954444,975.0499877929688,600,YFINANCE
16-Jun-2025,ADANIGREEN,FUTSTK,,992.0,989.5,997.0,968.5999755859375,1898670,992.0,600,YFINANCE
16-Mar-2023,ADANIGREEN,FUTSTK,,777.4000244140625,766.1500244140625,777.4000244140625,755.0,3038749,777.4000244140625,600,YFINANCE
16-Mar-2026,ADANIGREEN,FUTSTK,,866.9500122070312,861.3499755859375,873.7999877929688,853.0,2609169,866.9500122070312,600,YFINANCE
16-May-2023,ADANIGREEN,FUTSTK,,874.1500244140625,868.9500122070312,899.9500122070312,868.0,822421,874.1500244140625,600,YFINANCE
16-May-2024,ADANIGREEN,FUTSTK,,1844.4000244140625,1848.4000244140625,1859.800048828125,1807.0,3670374,1844.4000244140625,600,YFINANCE
16-May-2025,ADANIGREEN,FUTSTK,,1020.0999755859375,971.4500122070312,1025.0,965.2000122070312,7644511,1020.0999755859375,600,YFINANCE
16-Nov-2023,ADANIGREEN,FUTSTK,,941.3499755859375,948.0,949.5,939.3499755859375,353018,941.3499755859375,600,YFINANCE
16-Oct-2023,ADANIGREEN,FUTSTK,,938.7999877929688,950.0,956.5999755859375,936.0,376852,938.7999877929688,600,YFINANCE
16-Oct-2024,ADANIGREEN,FUTSTK,,1751.050048828125,1760.0,1774.199951171875,1740.550048828125,377378,1751.050048828125,600,YFINANCE
16-Oct-2025,ADANIGREEN,FUTSTK,,1060.300048828125,1055.0,1067.0,1052.5,1742078,1060.300048828125,600,YFINANCE
16-Sep-2024,ADANIGREEN,FUTSTK,,1930.800048828125,1850.0,1941.6500244140625,1833.1500244140625,5342579,1930.800048828125,600,YFINANCE
16-Sep-2025,ADANIGREEN,FUTSTK,,987.8499755859375,991.4500122070312,998.3499755859375,984.0499877929688,897176,987.8499755859375,600,YFINANCE
17-Apr-2023,ADANIGREEN,FUTSTK,,962.5499877929688,965.0,970.0,946.0,2317568,962.5499877929688,600,YFINANCE
17-Apr-2025,ADANIGREEN,FUTSTK,,947.1500244140625,945.5999755859375,972.0,940.0,2905274,947.1500244140625,600,YFINANCE
17-Aug-2023,ADANIGREEN,FUTSTK,,933.5,955.0,959.6500244140625,930.0,1203944,933.5,600,YFINANCE
17-Dec-2024,ADANIGREEN,FUTSTK,,1143.25,1167.9000244140625,1178.949951171875,1138.0,2303877,1143.25,600,YFINANCE
17-Dec-2025,ADANIGREEN,FUTSTK,,1020.7000122070312,1028.0,1033.5999755859375,1017.0,1263636,1020.7000122070312,600,YFINANCE
17-Feb-2023,ADANIGREEN,FUTSTK,,628.6500244140625,628.0,639.9000244140625,616.5499877929688,3686567,628.6500244140625,600,YFINANCE
17-Feb-2025,ADANIGREEN,FUTSTK,,890.3499755859375,878.9500122070312,900.8499755859375,840.4500122070312,4343277,890.3499755859375,600,YFINANCE
17-Feb-2026,ADANIGREEN,FUTSTK,,1016.7999877929688,982.6500244140625,1018.9500122070312,979.25,3770349,1016.7999877929688,600,YFINANCE
17-Jan-2024,ADANIGREEN,FUTSTK,,1615.0,1653.0,1656.949951171875,1605.0999755859375,1151828,1615.0,600,YFINANCE
17-Jan-2025,ADANIGREEN,FUTSTK,,1078.199951171875,1078.9000244140625,1089.5,1056.1500244140625,3486290,1078.199951171875,600,YFINANCE
17-Jul-2023,ADANIGREEN,FUTSTK,,965.2999877929688,970.1500244140625,979.0,961.0,754573,965.2999877929688,600,YFINANCE
17-Jul-2025,ADANIGREEN,FUTSTK,,1050.0999755859375,1039.0,1054.9000244140625,1033.4000244140625,2304002,1050.0999755859375,600,YFINANCE
17-Jun-2025,ADANIGREEN,FUTSTK,,977.5,992.7999877929688,997.5,975.0,1281462,977.5,600,YFINANCE
17-Mar-2023,ADANIGREEN,FUTSTK,,816.25,810.0,816.25,803.25,3378276,816.25,600,YFINANCE
17-Mar-2025,ADANIGREEN,FUTSTK,,896.4500122070312,873.6500244140625,908.4500122070312,868.8499755859375,5903492,896.4500122070312,600,YFINANCE
17-Mar-2026,ADANIGREEN,FUTSTK,,868.6500244140625,874.8499755859375,874.8499755859375,848.0499877929688,2644896,868.6500244140625,600,YFINANCE
17-May-2023,ADANIGREEN,FUTSTK,,875.4000244140625,885.0,888.8499755859375,867.0499877929688,781898,875.4000244140625,600,YFINANCE
17-May-2024,ADANIGREEN,FUTSTK,,1833.0,1830.050048828125,1840.0,1820.0,3248320,1833.0,600,YFINANCE
17-Nov-2023,ADANIGREEN,FUTSTK,,936.0999755859375,941.3499755859375,943.6500244140625,930.0,341144,936.0999755859375,600,YFINANCE
17-Nov-2025,ADANIGREEN,FUTSTK,,1088.5999755859375,1074.800048828125,1092.5,1065.4000244140625,2888868,1088.5999755859375,600,YFINANCE
17-Oct-2023,ADANIGREEN,FUTSTK,,948.6500244140625,949.9500122070312,958.4500122070312,945.2000122070312,363315,948.6500244140625,600,YFINANCE
17-Oct-2024,ADANIGREEN,FUTSTK,,1733.550048828125,1750.050048828125,1767.699951171875,1719.0,355958,1733.550048828125,600,YFINANCE
17-Oct-2025,ADANIGREEN,FUTSTK,,1036.699951171875,1057.9000244140625,1061.9000244140625,1035.0,2132960,1036.699951171875,600,YFINANCE
17-Sep-2024,ADANIGREEN,FUTSTK,,1954.4000244140625,1930.800048828125,1978.0,1886.0,4392980,1954.4000244140625,600,YFINANCE
17-Sep-2025,ADANIGREEN,FUTSTK,,979.4500122070312,992.0,993.4500122070312,977.2999877929688,846865,979.4500122070312,600,YFINANCE
18-Apr-2023,ADANIGREEN,FUTSTK,,952.25,973.0,976.0,945.0,1378704,952.25,600,YFINANCE
18-Apr-2024,ADANIGREEN,FUTSTK,,1775.449951171875,1829.699951171875,1849.9000244140625,1761.199951171875,675360,1775.449951171875,600,YFINANCE
18-Aug-2023,ADANIGREEN,FUTSTK,,994.75,940.5499877929688,1024.949951171875,938.1500244140625,5524623,994.75,600,YFINANCE
18-Aug-2025,ADANIGREEN,FUTSTK,,941.6500244140625,929.0,955.5499877929688,925.75,1856211,941.6500244140625,600,YFINANCE
18-Dec-2023,ADANIGREEN,FUTSTK,,1524.6500244140625,1518.949951171875,1544.8499755859375,1500.25,1077675,1524.6500244140625,600,YFINANCE
18-Dec-2024,ADANIGREEN,FUTSTK,,1105.5,1145.050048828125,1150.0,1102.0,2654966,1105.5,600,YFINANCE
18-Dec-2025,ADANIGREEN,FUTSTK,,1011.0,1016.5999755859375,1022.0,1005.0,1150470,1011.0,600,YFINANCE
18-Feb-2025,ADANIGREEN,FUTSTK,,897.5499877929688,899.0,904.9000244140625,870.0999755859375,2718141,897.5499877929688,600,YFINANCE
18-Feb-2026,ADANIGREEN,FUTSTK,,1000.0999755859375,1019.0,1019.9500122070312,987.4000244140625,1964869,1000.0999755859375,600,YFINANCE
18-Jan-2024,ADANIGREEN,FUTSTK,,1588.25,1615.0,1629.0,1565.6500244140625,994211,1588.25,600,YFINANCE
18-Jul-2023,ADANIGREEN,FUTSTK,,973.75,968.0,1020.0,957.0999755859375,2254479,973.75,600,YFINANCE
18-Jul-2024,ADANIGREEN,FUTSTK,,1747.550048828125,1770.0,1780.949951171875,1725.0,784726,1747.550048828125,600,YFINANCE
18-Jul-2025,ADANIGREEN,FUTSTK,,1030.199951171875,1042.699951171875,1051.0,1024.4000244140625,1787665,1030.199951171875,600,YFINANCE
18-Jun-2024,ADANIGREEN,FUTSTK,,1814.0,1825.0,1840.300048828125,1808.0,633545,1814.0,600,YFINANCE
18-Jun-2025,ADANIGREEN,FUTSTK,,968.9000244140625,977.5,985.5999755859375,963.2000122070312,1632269,968.9000244140625,600,YFINANCE
18-Mar-2024,ADANIGREEN,FUTSTK,,1869.9000244140625,1810.050048828125,1899.9000244140625,1750.8499755859375,1479146,1869.9000244140625,600,YFINANCE
18-Mar-2025,ADANIGREEN,FUTSTK,,896.4500122070312,896.4500122070312,896.4500122070312,896.4500122070312,0,896.4500122070312,600,YFINANCE
18-Mar-2026,ADANIGREEN,FUTSTK,,891.2999877929688,872.0499877929688,904.0,871.5499877929688,2315274,891.2999877929688,600,YFINANCE
18-May-2023,ADANIGREEN,FUTSTK,,860.5499877929688,886.5499877929688,887.4000244140625,850.0,646071,860.5499877929688,600,YFINANCE
18-Nov-2024,ADANIGREEN,FUTSTK,,1456.949951171875,1512.449951171875,1517.75,1450.0,626638,1456.949951171875,600,YFINANCE
18-Nov-2025,ADANIGREEN,FUTSTK,,1077.5999755859375,1092.0,1097.199951171875,1075.0,1414894,1077.5999755859375,600,YFINANCE
18-Oct-2023,ADANIGREEN,FUTSTK,,939.0499877929688,949.4000244140625,953.9500122070312,937.0,281564,939.0499877929688,600,YFINANCE
18-Oct-2024,ADANIGREEN,FUTSTK,,1736.050048828125,1735.0,1745.5,1703.0,410948,1736.050048828125,600,YFINANCE
18-Sep-2023,ADANIGREEN,FUTSTK,,1004.9500122070312,1015.0,1029.949951171875,1001.0,5210864,1004.9500122070312,600,YFINANCE
18-Sep-2024,ADANIGREEN,FUTSTK,,1950.800048828125,1940.0,1965.0,1925.0999755859375,2911792,1950.800048828125,600,YFINANCE
18-Sep-2025,ADANIGREEN,FUTSTK,,978.9000244140625,982.0,993.9000244140625,974.2999877929688,992415,978.9000244140625,600,YFINANCE
19-Apr-2023,ADANIGREEN,FUTSTK,,935.7999877929688,952.4000244140625,955.0,920.5,1177133,935.7999877929688,600,YFINANCE
19-Apr-2024,ADANIGREEN,FUTSTK,,1770.050048828125,1761.199951171875,1785.0,1733.0,665956,1770.050048828125,600,YFINANCE
19-Aug-2024,ADANIGREEN,FUTSTK,,1898.0,1811.0,1909.9000244140625,1810.199951171875,1745998,1898.0,600,YFINANCE
19-Aug-2025,ADANIGREEN,FUTSTK,,973.4000244140625,942.0499877929688,975.5,937.4500122070312,1886130,973.4000244140625,600,YFINANCE
19-Dec-2023,ADANIGREEN,FUTSTK,,1531.800048828125,1530.5,1555.0,1506.0,965109,1531.800048828125,600,YFINANCE
19-Dec-2024,ADANIGREEN,FUTSTK,,1073.6500244140625,1080.0,1103.550048828125,1062.550048828125,2938214,1073.6500244140625,600,YFINANCE
19-Dec-2025,ADANIGREEN,FUTSTK,,1020.9000244140625,1012.5,1024.699951171875,1007.2000122070312,2498071,1020.9000244140625,600,YFINANCE
19-Feb-2024,ADANIGREEN,FUTSTK,,1955.050048828125,1919.0,1975.0,1911.6500244140625,2401867,1955.050048828125,600,YFINANCE
19-Feb-2025,ADANIGREEN,FUTSTK,,864.7000122070312,875.25,885.8499755859375,860.9500122070312,4121742,864.7000122070312,600,YFINANCE
19-Feb-2026,ADANIGREEN,FUTSTK,,976.5,1000.0999755859375,1005.0,970.0,1500530,976.5,600,YFINANCE
19-Jan-2024,ADANIGREEN,FUTSTK,,1570.75,1610.0,1619.1500244140625,1562.75,796187,1570.75,600,YFINANCE
19-Jan-2026,ADANIGREEN,FUTSTK,,914.0,928.0,936.0,911.5,1203147,914.0,600,YFINANCE
19-Jul-2023,ADANIGREEN,FUTSTK,,979.6500244140625,982.0,988.0,971.0999755859375,735702,979.6500244140625,600,YFINANCE
19-Jul-2024,ADANIGREEN,FUTSTK,,1723.300048828125,1750.0,1751.9000244140625,1712.5999755859375,397349,1723.300048828125,600,YFINANCE
19-Jun-2023,ADANIGREEN,FUTSTK,,960.3499755859375,982.8499755859375,984.0,957.8499755859375,430174,960.3499755859375,600,YFINANCE
19-Jun-2024,ADANIGREEN,FUTSTK,,1789.6500244140625,1820.0,1821.6500244140625,1775.0,971693,1789.6500244140625,600,YFINANCE
19-Jun-2025,ADANIGREEN,FUTSTK,,934.0,970.0,973.4000244140625,929.0,2415130,934.0,600,YFINANCE
19-Mar-2024,ADANIGREEN,FUTSTK,,1821.550048828125,1870.0,1892.4000244140625,1801.1500244140625,587661,1821.550048828125,600,YFINANCE
19-Mar-2025,ADANIGREEN,FUTSTK,,911.2000122070312,904.0499877929688,918.75,901.4000244140625,2980425,911.2000122070312,600,YFINANCE
19-Mar-2026,ADANIGREEN,FUTSTK,,854.9000244140625,880.0,882.0499877929688,850.5999755859375,2219917,854.9000244140625,600,YFINANCE
19-May-2023,ADANIGREEN,FUTSTK,,896.9500122070312,839.0,903.5499877929688,818.5999755859375,2849747,896.9500122070312,600,YFINANCE
19-May-2025,ADANIGREEN,FUTSTK,,1014.0,1031.949951171875,1038.3499755859375,1010.0499877929688,3176879,1014.0,600,YFINANCE
19-Nov-2024,ADANIGREEN,FUTSTK,,1412.699951171875,1448.050048828125,1467.0,1400.0999755859375,972102,1412.699951171875,600,YFINANCE
19-Nov-2025,ADANIGREEN,FUTSTK,,1069.9000244140625,1080.199951171875,1084.5,1052.199951171875,2155114,1069.9000244140625,600,YFINANCE
19-Oct-2023,ADANIGREEN,FUTSTK,,933.0,937.0,942.9500122070312,922.3499755859375,291740,933.0,600,YFINANCE
19-Sep-2024,ADANIGREEN,FUTSTK,,1962.949951171875,1941.0,1968.3499755859375,1905.800048828125,4625834,1962.949951171875,600,YFINANCE
19-Sep-2025,ADANIGREEN,FUTSTK,,1030.699951171875,1025.0,1071.0,1003.0,17650332,1030.699951171875,600,YFINANCE
20-Apr-2023,ADANIGREEN,FUTSTK,,933.0499877929688,937.0,948.9000244140625,925.0,1181812,933.0499877929688,600,YFINANCE
20-Aug-2024,ADANIGREEN,FUTSTK,,1924.5999755859375,1907.699951171875,1940.0,1880.0999755859375,1088866,1924.5999755859375,600,YFINANCE
20-Aug-2025,ADANIGREEN,FUTSTK,,975.9500122070312,969.0,984.0,967.9500122070312,1584174,975.9500122070312,600,YFINANCE
20-Dec-2023,ADANIGREEN,FUTSTK,,1452.1500244140625,1539.75,1569.4000244140625,1385.0,2233664,1452.1500244140625,600,YFINANCE
20-Dec-2024,ADANIGREEN,FUTSTK,,1034.3499755859375,1074.9000244140625,1119.0,1015.0999755859375,14340608,1034.3499755859375,600,YFINANCE
20-Feb-2023,ADANIGREEN,FUTSTK,,597.25,609.0,625.0,597.25,2080050,597.25,600,YFINANCE
20-Feb-2024,ADANIGREEN,FUTSTK,,1926.6500244140625,1963.699951171875,1964.0,1920.0,1252526,1926.6500244140625,600,YFINANCE
20-Feb-2025,ADANIGREEN,FUTSTK,,864.9500122070312,861.0,883.9500122070312,845.0,3499937,864.9500122070312,600,YFINANCE
20-Feb-2026,ADANIGREEN,FUTSTK,,968.25,976.4000244140625,980.75,965.0,1221495,968.25,600,YFINANCE
20-Jan-2025,ADANIGREEN,FUTSTK,,1066.75,1082.0,1088.0,1054.25,2463260,1066.75,600,YFINANCE
20-Jan-2026,ADANIGREEN,FUTSTK,,883.2000122070312,914.0999755859375,927.0,878.0,2195862,883.2000122070312,600,YFINANCE
20-Jul-2023,ADANIGREEN,FUTSTK,,985.0,981.9500122070312,991.7000122070312,977.1500244140625,821313,985.0,600,YFINANCE
20-Jun-2023,ADANIGREEN,FUTSTK,,961.7000122070312,961.0,967.0,952.0,320086,961.7000122070312,600,YFINANCE
20-Jun-2024,ADANIGREEN,FUTSTK,,1806.4000244140625,1807.75,1816.4000244140625,1785.5,724077,1806.4000244140625,600,YFINANCE
20-Jun-2025,ADANIGREEN,FUTSTK,,947.7000122070312,938.0,959.4000244140625,936.0,3308667,947.7000122070312,600,YFINANCE
20-Mar-2023,ADANIGREEN,FUTSTK,,848.6500244140625,797.9500122070312,853.2999877929688,775.4500122070312,6908589,848.6500244140625,600,YFINANCE
20-Mar-2024,ADANIGREEN,FUTSTK,,1847.75,1834.9000244140625,1861.949951171875,1812.8499755859375,463752,1847.75,600,YFINANCE
20-Mar-2025,ADANIGREEN,FUTSTK,,923.4000244140625,920.2999877929688,927.9500122070312,902.0499877929688,3210117,923.4000244140625,600,YFINANCE
20-Mar-2026,ADANIGREEN,FUTSTK,,863.0999755859375,865.4500122070312,887.0,860.0,1990204,863.0999755859375,600,YFINANCE
20-May-2025,ADANIGREEN,FUTSTK,,983.9500122070312,1016.0,1020.9500122070312,981.7999877929688,2713486,983.9500122070312,600,YFINANCE
20-Nov-2023,ADANIGREEN,FUTSTK,,926.2000122070312,935.0,938.0,915.1500244140625,472979,926.2000122070312,600,YFINANCE
20-Nov-2025,ADANIGREEN,FUTSTK,,1060.0,1074.0,1085.5,1057.0,1354779,1060.0,600,YFINANCE
20-Oct-2023,ADANIGREEN,FUTSTK,,920.1500244140625,938.5,946.7999877929688,915.75,625755,920.1500244140625,600,YFINANCE
20-Oct-2025,ADANIGREEN,FUTSTK,,1034.0999755859375,1043.0,1045.5,1028.0999755859375,1212007,1034.0999755859375,600,YFINANCE
20-Sep-2023,ADANIGREEN,FUTSTK,,1008.9500122070312,1004.9500122070312,1025.25,988.1500244140625,7657175,1008.9500122070312,600,YFINANCE
20-Sep-2024,ADANIGREEN,FUTSTK,,2003.949951171875,1962.949951171875,2019.949951171875,1947.0,5657903,2003.949951171875,600,YFINANCE
21-Apr-2023,ADANIGREEN,FUTSTK,,916.2000122070312,937.0,938.0,911.2999877929688,727246,916.2000122070312,600,YFINANCE
21-Apr-2025,ADANIGREEN,FUTSTK,,956.25,954.7000122070312,966.5999755859375,944.0,2149379,956.25,600,YFINANCE
21-Aug-2023,ADANIGREEN,FUTSTK,,1020.0499877929688,1006.4000244140625,1035.0,1003.4000244140625,2525140,1020.0499877929688,600,YFINANCE
21-Aug-2024,ADANIGREEN,FUTSTK,,1920.8499755859375,1925.0,1992.949951171875,1905.0,1483458,1920.8499755859375,600,YFINANCE
21-Aug-2025,ADANIGREEN,FUTSTK,,966.5999755859375,976.0,983.9500122070312,964.1500244140625,820006,966.5999755859375,600,YFINANCE
21-Dec-2023,ADANIGREEN,FUTSTK,,1519.550048828125,1390.050048828125,1549.0,1390.050048828125,2134995,1519.550048828125,600,YFINANCE
21-Feb-2023,ADANIGREEN,FUTSTK,,567.4000244140625,593.0999755859375,599.0,567.4000244140625,1657718,567.4000244140625,600,YFINANCE
21-Feb-2024,ADANIGREEN,FUTSTK,,1904.949951171875,1926.0,1962.0999755859375,1880.050048828125,1184961,1904.949951171875,600,YFINANCE
21-Feb-2025,ADANIGREEN,FUTSTK,,849.3499755859375,864.9500122070312,877.0,841.0,2895228,849.3499755859375,600,YFINANCE
21-Jan-2025,ADANIGREEN,FUTSTK,,1045.699951171875,1063.300048828125,1070.0,1037.75,1985986,1045.699951171875,600,YFINANCE
21-Jan-2026,ADANIGREEN,FUTSTK,,878.7000122070312,885.5,892.5999755859375,868.0,2259912,878.7000122070312,600,YFINANCE
21-Jul-2023,ADANIGREEN,FUTSTK,,995.5499877929688,985.0,1000.0,979.7000122070312,729192,995.5499877929688,600,YFINANCE
21-Jul-2025,ADANIGREEN,FUTSTK,,1036.5999755859375,1031.199951171875,1042.0999755859375,1024.0999755859375,877276,1036.5999755859375,600,YFINANCE
21-Jun-2023,ADANIGREEN,FUTSTK,,977.0,963.9500122070312,982.0,954.2000122070312,4202611,977.0,600,YFINANCE
21-Jun-2024,ADANIGREEN,FUTSTK,,1780.449951171875,1810.0,1814.300048828125,1775.25,753905,1780.449951171875,600,YFINANCE
21-Mar-2023,ADANIGREEN,FUTSTK,,891.0499877929688,868.0,891.0499877929688,865.6500244140625,3819655,891.0499877929688,600,YFINANCE
21-Mar-2024,ADANIGREEN,FUTSTK,,1855.3499755859375,1861.0,1869.0,1831.25,328500,1855.3499755859375,600,YFINANCE
21-Mar-2025,ADANIGREEN,FUTSTK,,954.25,925.0,983.3499755859375,920.5499877929688,8147557,954.25,600,YFINANCE
21-May-2024,ADANIGREEN,FUTSTK,,1859.3499755859375,1825.0,1919.0,1810.0,1274397,1859.3499755859375,600,YFINANCE
21-May-2025,ADANIGREEN,FUTSTK,,996.5,985.0,1003.0,977.2000122070312,2228757,996.5,600,YFINANCE
21-Nov-2023,ADANIGREEN,FUTSTK,,926.5999755859375,926.2000122070312,936.8499755859375,920.0,377892,926.5999755859375,600,YFINANCE
21-Nov-2024,ADANIGREEN,FUTSTK,,1145.699951171875,1160.0,1212.0,1132.0,9523600,1145.699951171875,600,YFINANCE
21-Nov-2025,ADANIGREEN,FUTSTK,,1030.5,1060.0,1063.0999755859375,1026.0,2075493,1030.5,600,YFINANCE
21-Oct-2024,ADANIGREEN,FUTSTK,,1710.800048828125,1741.0,1753.0,1705.0,298218,1710.800048828125,600,YFINANCE
21-Oct-2025,ADANIGREEN,FUTSTK,,1040.0,1044.0,1045.4000244140625,1036.300048828125,457938,1040.0,600,YFINANCE
21-Sep-2023,ADANIGREEN,FUTSTK,,1023.4500122070312,1017.4500122070312,1026.0,1007.9000244140625,8252497,1023.4500122070312,600,YFINANCE
22-Apr-2024,ADANIGREEN,FUTSTK,,1793.75,1802.0,1814.5999755859375,1780.0,346708,1793.75,600,YFINANCE
22-Apr-2025,ADANIGREEN,FUTSTK,,943.2999877929688,962.0,965.5,941.5499877929688,2283380,943.2999877929688,600,YFINANCE
22-Aug-2023,ADANIGREEN,FUTSTK,,1015.0999755859375,1029.9000244140625,1044.8499755859375,1009.1500244140625,1863617,1015.0999755859375,600,YFINANCE
22-Aug-2024,ADANIGREEN,FUTSTK,,1886.3499755859375,1920.8499755859375,1922.0,1870.25,755079,1886.3499755859375,600,YFINANCE
22-Aug-2025,ADANIGREEN,FUTSTK,,957.2000122070312,965.0,970.2000122070312,952.9000244140625,946994,957.2000122070312,600,YFINANCE
22-Dec-2023,ADANIGREEN,FUTSTK,,1533.0999755859375,1543.0,1546.0,1500.0,1062643,1533.0999755859375,600,YFINANCE
22-Dec-2025,ADANIGREEN,FUTSTK,,1020.7999877929688,1022.0,1028.800048828125,1018.2999877929688,954953,1020.7999877929688,600,YFINANCE
22-Feb-2023,ADANIGREEN,FUTSTK,,539.0499877929688,545.0,548.0,539.0499877929688,861922,539.0499877929688,600,YFINANCE
22-Feb-2024,ADANIGREEN,FUTSTK,,1922.6500244140625,1915.0,1930.0,1866.699951171875,680137,1922.6500244140625,600,YFINANCE
22-Jan-2025,ADANIGREEN,FUTSTK,,1031.699951171875,1040.0,1042.800048828125,1007.0,2656247,1031.699951171875,600,YFINANCE
22-Jan-2026,ADANIGREEN,FUTSTK,,904.2999877929688,894.0,916.4000244140625,889.0999755859375,1851769,904.2999877929688,600,YFINANCE
22-Jul-2024,ADANIGREEN,FUTSTK,,1715.25,1723.949951171875,1735.6500244140625,1700.199951171875,309254,1715.25,600,YFINANCE
22-Jul-2025,ADANIGREEN,FUTSTK,,1013.7000122070312,1037.0,1042.199951171875,1006.5999755859375,1332756,1013.7000122070312,600,YFINANCE
22-Jun-2023,ADANIGREEN,FUTSTK,,974.8499755859375,979.7000122070312,982.7999877929688,967.4500122070312,4562722,974.8499755859375,600,YFINANCE
22-Mar-2023,ADANIGREEN,FUTSTK,,935.5999755859375,923.0,935.5999755859375,923.0,1825044,935.5999755859375,600,YFINANCE
22-Mar-2024,ADANIGREEN,FUTSTK,,1851.75,1857.050048828125,1865.0,1837.050048828125,390803,1851.75,600,YFINANCE
22-May-2023,ADANIGREEN,FUTSTK,,941.75,934.0,941.75,928.9500122070312,460730,941.75,600,YFINANCE
22-May-2024,ADANIGREEN,FUTSTK,,1866.449951171875,1879.0,1898.0,1860.0,578311,1866.449951171875,600,YFINANCE
22-May-2025,ADANIGREEN,FUTSTK,,985.8499755859375,996.0999755859375,1006.0,977.0,2233560,985.8499755859375,600,YFINANCE
22-Nov-2023,ADANIGREEN,FUTSTK,,914.4500122070312,925.9500122070312,929.9500122070312,910.0,288736,914.4500122070312,600,YFINANCE
22-Nov-2024,ADANIGREEN,FUTSTK,,1051.800048828125,1085.0,1219.0,1021.0,22036694,1051.800048828125,600,YFINANCE
22-Oct-2024,ADANIGREEN,FUTSTK,,1684.449951171875,1732.0,1747.4000244140625,1668.25,809408,1684.449951171875,600,YFINANCE
22-Sep-2023,ADANIGREEN,FUTSTK,,1018.7999877929688,1025.0,1025.449951171875,999.0,6840537,1018.7999877929688,600,YFINANCE
22-Sep-2025,ADANIGREEN,FUTSTK,,1152.1500244140625,1040.0,1177.550048828125,1035.8499755859375,37416287,1152.1500244140625,600,YFINANCE
23-Apr-2024,ADANIGREEN,FUTSTK,,1816.4000244140625,1809.6500244140625,1840.0,1799.699951171875,631341,1816.4000244140625,600,YFINANCE
23-Apr-2025,ADANIGREEN,FUTSTK,,952.5,950.0,956.9000244140625,926.0,2614789,952.5,600,YFINANCE
23-Aug-2023,ADANIGREEN,FUTSTK,,971.5,1020.7999877929688,1024.800048828125,953.0,1549871,971.5,600,YFINANCE
23-Aug-2024,ADANIGREEN,FUTSTK,,1900.9000244140625,1889.9000244140625,1924.5,1887.5,774782,1900.9000244140625,600,YFINANCE
23-Dec-2024,ADANIGREEN,FUTSTK,,1034.6500244140625,1049.699951171875,1057.949951171875,1023.5999755859375,2775914,1034.6500244140625,600,YFINANCE
23-Dec-2025,ADANIGREEN,FUTSTK,,1016.9000244140625,1021.7999877929688,1027.0,1013.2999877929688,829273,1016.9000244140625,600,YFINANCE
23-Feb-2023,ADANIGREEN,FUTSTK,,512.0999755859375,512.0999755859375,512.0999755859375,512.0999755859375,223957,512.0999755859375,600,YFINANCE
23-Feb-2024,ADANIGREEN,FUTSTK,,1923.300048828125,1930.5,1943.300048828125,1910.0,599092,1923.300048828125,600,YFINANCE
23-Feb-2026,ADANIGREEN,FUTSTK,,970.3499755859375,978.25,987.5499877929688,962.0,1188654,970.3499755859375,600,YFINANCE
23-Jan-2024,ADANIGREEN,FUTSTK,,1680.9000244140625,1740.0,1745.0,1632.0,1594674,1680.9000244140625,600,YFINANCE
23-Jan-2025,ADANIGREEN,FUTSTK,,1030.25,1026.0,1049.4000244140625,1015.0,3052259,1030.25,600,YFINANCE
23-Jan-2026,ADANIGREEN,FUTSTK,,772.7999877929688,909.0,909.0,765.0,22973223,772.7999877929688,600,YFINANCE
23-Jul-2024,ADANIGREEN,FUTSTK,,1720.300048828125,1750.0,1792.0,1680.0,2181097,1720.300048828125,600,YFINANCE
23-Jul-2025,ADANIGREEN,FUTSTK,,1033.9000244140625,1018.4000244140625,1038.300048828125,1017.0,1733780,1033.9000244140625,600,YFINANCE
23-Jun-2023,ADANIGREEN,FUTSTK,,959.8499755859375,973.0,973.0,938.0,5559363,959.8499755859375,600,YFINANCE
23-Jun-2025,ADANIGREEN,FUTSTK,,960.5,939.7999877929688,964.9000244140625,935.0,1728394,960.5,600,YFINANCE
23-Mar-2023,ADANIGREEN,FUTSTK,,982.3499755859375,982.0,982.3499755859375,977.75,1170710,982.3499755859375,600,YFINANCE
23-Mar-2026,ADANIGREEN,FUTSTK,,816.4500122070312,863.0,863.0,810.4500122070312,2746629,816.4500122070312,600,YFINANCE
23-May-2023,ADANIGREEN,FUTSTK,,988.7999877929688,988.7999877929688,988.7999877929688,988.7999877929688,228535,988.7999877929688,600,YFINANCE
23-May-2024,ADANIGREEN,FUTSTK,,1888.800048828125,1870.0,1909.0,1845.550048828125,3893291,1888.800048828125,600,YFINANCE
23-May-2025,ADANIGREEN,FUTSTK,,986.9500122070312,987.0,999.0499877929688,976.0,2538927,986.9500122070312,600,YFINANCE
23-Nov-2023,ADANIGREEN,FUTSTK,,930.7000122070312,920.0,935.0,910.2000122070312,350091,930.7000122070312,600,YFINANCE
23-Oct-2023,ADANIGREEN,FUTSTK,,880.7999877929688,928.0,929.9500122070312,875.0,695285,880.7999877929688,600,YFINANCE
23-Oct-2024,ADANIGREEN,FUTSTK,,1702.0999755859375,1684.449951171875,1725.0,1627.8499755859375,1504049,1702.0999755859375,600,YFINANCE
23-Oct-2025,ADANIGREEN,FUTSTK,,1044.699951171875,1049.300048828125,1061.9000244140625,1040.9000244140625,1888505,1044.699951171875,600,YFINANCE
23-Sep-2024,ADANIGREEN,FUTSTK,,2031.199951171875,2028.949951171875,2042.9000244140625,1963.050048828125,3976960,2031.199951171875,600,YFINANCE
23-Sep-2025,ADANIGREEN,FUTSTK,,1131.449951171875,1164.0,1177.300048828125,1120.800048828125,14163567,1131.449951171875,600,YFINANCE
24-Apr-2023,ADANIGREEN,FUTSTK,,887.0999755859375,916.2000122070312,916.25,880.0,1450872,887.0999755859375,600,YFINANCE
24-Apr-2024,ADANIGREEN,FUTSTK,,1808.300048828125,1824.949951171875,1838.5,1795.0,294136,1808.300048828125,600,YFINANCE
24-Apr-2025,ADANIGREEN,FUTSTK,,968.9500122070312,956.9000244140625,974.0,948.75,3604578,968.9500122070312,600,YFINANCE
24-Aug-2023,ADANIGREEN,FUTSTK,,983.6500244140625,985.0,1001.9500122070312,977.0999755859375,949991,983.6500244140625,600,YFINANCE
24-Dec-2024,ADANIGREEN,FUTSTK,,1031.050048828125,1035.5999755859375,1059.050048828125,1020.0,2494981,1031.050048828125,600,YFINANCE
24-Dec-2025,ADANIGREEN,FUTSTK,,1015.0,1018.0,1024.300048828125,1012.2000122070312,835848,1015.0,600,YFINANCE
24-Feb-2023,ADANIGREEN,FUTSTK,,486.5,486.5,510.0,486.5,1417656,486.5,600,YFINANCE
24-Feb-2025,ADANIGREEN,FUTSTK,,836.0499877929688,840.0,842.7000122070312,819.0999755859375,3682290,836.0499877929688,600,YFINANCE
24-Feb-2026,ADANIGREEN,FUTSTK,,981.3499755859375,970.1500244140625,988.0,956.4500122070312,1290484,981.3499755859375,600,YFINANCE
24-Jan-2024,ADANIGREEN,FUTSTK,,1641.3499755859375,1687.949951171875,1687.949951171875,1629.0,9489231,1641.3499755859375,600,YFINANCE
24-Jan-2025,ADANIGREEN,FUTSTK,,1012.0999755859375,1037.25,1065.0,1006.0,4978974,1012.0999755859375,600,YFINANCE
24-Jul-2023,ADANIGREEN,FUTSTK,,989.1500244140625,998.9500122070312,1004.9500122070312,986.1500244140625,479401,989.1500244140625,600,YFINANCE
24-Jul-2024,ADANIGREEN,FUTSTK,,1716.0,1748.0,1748.0,1711.300048828125,535197,1716.0,600,YFINANCE
24-Jul-2025,ADANIGREEN,FUTSTK,,1020.7000122070312,1035.0,1037.0999755859375,1017.7000122070312,1295384,1020.7000122070312,600,YFINANCE
24-Jun-2024,ADANIGREEN,FUTSTK,,1812.3499755859375,1783.800048828125,1830.0,1771.0,674744,1812.3499755859375,600,YFINANCE
24-Jun-2025,ADANIGREEN,FUTSTK,,987.2999877929688,975.0,1001.9000244140625,974.0,3498494,987.2999877929688,600,YFINANCE
24-Mar-2023,ADANIGREEN,FUTSTK,,1029.3499755859375,1024.0,1031.449951171875,942.6500244140625,12923291,1029.3499755859375,600,YFINANCE
24-Mar-2025,ADANIGREEN,FUTSTK,,952.9000244140625,972.0,981.0,949.0499877929688,3632791,952.9000244140625,600,YFINANCE
24-Mar-2026,ADANIGREEN,FUTSTK,,839.5499877929688,833.0,842.1500244140625,801.4000244140625,4139485,839.5499877929688,600,YFINANCE
24-May-2023,ADANIGREEN,FUTSTK,,984.25,1025.0,1038.199951171875,952.5999755859375,7440008,984.25,600,YFINANCE
24-May-2024,ADANIGREEN,FUTSTK,,1926.6500244140625,1898.800048828125,1949.0,1889.050048828125,2928305,1926.6500244140625,600,YFINANCE
24-Nov-2023,ADANIGREEN,FUTSTK,,937.9000244140625,936.0,952.7999877929688,920.0,738018,937.9000244140625,600,YFINANCE
24-Nov-2025,ADANIGREEN,FUTSTK,,1009.4000244140625,1036.9000244140625,1037.5,1006.0,1618990,1009.4000244140625,600,YFINANCE
24-Oct-2024,ADANIGREEN,FUTSTK,,1692.4000244140625,1691.0,1710.8499755859375,1681.0,472958,1692.4000244140625,600,YFINANCE
24-Oct-2025,ADANIGREEN,FUTSTK,,1031.0999755859375,1049.4000244140625,1049.4000244140625,1028.0,1202737,1031.0999755859375,600,YFINANCE
24-Sep-2024,ADANIGREEN,FUTSTK,,2070.550048828125,2037.5999755859375,2079.64990234375,2023.699951171875,2241165,2070.550048828125,600,YFINANCE
24-Sep-2025,ADANIGREEN,FUTSTK,,1095.25,1126.0,1141.699951171875,1090.449951171875,7615653,1095.25,600,YFINANCE
25-Apr-2023,ADANIGREEN,FUTSTK,,931.1500244140625,870.0,931.4500122070312,864.9000244140625,2314534,931.1500244140625,600,YFINANCE
25-Apr-2024,ADANIGREEN,FUTSTK,,1812.6500244140625,1818.0,1819.6500244140625,1792.3499755859375,405971,1812.6500244140625,600,YFINANCE
25-Apr-2025,ADANIGREEN,FUTSTK,,912.5499877929688,974.0,975.8499755859375,903.7000122070312,6824718,912.5499877929688,600,YFINANCE
25-Aug-2023,ADANIGREEN,FUTSTK,,979.4500122070312,985.4000244140625,995.0,973.0,589826,979.4500122070312,600,YFINANCE
25-Aug-2025,ADANIGREEN,FUTSTK,,964.0999755859375,958.3499755859375,972.7000122070312,958.3499755859375,943859,964.0999755859375,600,YFINANCE
25-Feb-2025,ADANIGREEN,FUTSTK,,840.6500244140625,836.5,867.0,828.6500244140625,5299509,840.6500244140625,600,YFINANCE
25-Feb-2026,ADANIGREEN,FUTSTK,,964.1500244140625,984.9500122070312,988.5999755859375,960.0,1345367,964.1500244140625,600,YFINANCE
25-Jan-2024,ADANIGREEN,FUTSTK,,1664.800048828125,1647.0,1677.0,1636.050048828125,1088872,1664.800048828125,600,YFINANCE
25-Jul-2023,ADANIGREEN,FUTSTK,,1088.050048828125,990.0,1088.050048828125,990.0,3645365,1088.050048828125,600,YFINANCE
25-Jul-2024,ADANIGREEN,FUTSTK,,1820.5,1710.0,1849.949951171875,1701.0,3002543,1820.5,600,YFINANCE
25-Jul-2025,ADANIGREEN,FUTSTK,,975.9000244140625,1021.7999877929688,1021.7999877929688,973.0,2521495,975.9000244140625,600,YFINANCE
25-Jun-2024,ADANIGREEN,FUTSTK,,1797.0999755859375,1812.0,1819.699951171875,1786.0,441041,1797.0999755859375,600,YFINANCE
25-Jun-2025,ADANIGREEN,FUTSTK,,981.0999755859375,987.0,997.0,979.5,2294587,981.0999755859375,600,YFINANCE
25-Mar-2025,ADANIGREEN,FUTSTK,,923.4000244140625,959.0,966.0,916.0,3504686,923.4000244140625,600,YFINANCE
25-Mar-2026,ADANIGREEN,FUTSTK,,853.7999877929688,843.0,868.75,843.0,2201430,853.7999877929688,600,YFINANCE
25-May-2023,ADANIGREEN,FUTSTK,,970.6500244140625,982.4000244140625,995.0,954.0999755859375,1892394,970.6500244140625,600,YFINANCE
25-Nov-2024,ADANIGREEN,FUTSTK,,968.7999877929688,1080.199951171875,1141.0,933.0,28623200,968.7999877929688,600,YFINANCE
25-Nov-2025,ADANIGREEN,FUTSTK,,1011.5999755859375,1010.5,1022.9000244140625,1000.5999755859375,1677553,1011.5999755859375,600,YFINANCE
25-Oct-2023,ADANIGREEN,FUTSTK,,876.1500244140625,881.0,899.0,863.75,464127,876.1500244140625,600,YFINANCE
25-Oct-2024,ADANIGREEN,FUTSTK,,1644.0,1700.0,1718.9000244140625,1625.0,707626,1644.0,600,YFINANCE
25-Sep-2023,ADANIGREEN,FUTSTK,,1013.7999877929688,1021.9500122070312,1021.9500122070312,1002.4000244140625,4649263,1013.7999877929688,600,YFINANCE
25-Sep-2024,ADANIGREEN,FUTSTK,,2066.75,2079.0,2087.75,2027.0999755859375,1112406,2066.75,600,YFINANCE
25-Sep-2025,ADANIGREEN,FUTSTK,,1079.550048828125,1096.050048828125,1115.0,1076.300048828125,5390958,1079.550048828125,600,YFINANCE
26-Apr-2023,ADANIGREEN,FUTSTK,,924.5999755859375,934.7999877929688,953.2999877929688,920.0,1626606,924.5999755859375,600,YFINANCE
26-Apr-2024,ADANIGREEN,FUTSTK,,1806.6500244140625,1820.0,1823.300048828125,1797.050048828125,288470,1806.6500244140625,600,YFINANCE
26-Aug-2024,ADANIGREEN,FUTSTK,,1888.9000244140625,1914.0,1914.0,1875.4000244140625,351168,1888.9000244140625,600,YFINANCE
26-Aug-2025,ADANIGREEN,FUTSTK,,931.25,964.1500244140625,965.75,926.0,1462770,931.25,600,YFINANCE
26-Dec-2023,ADANIGREEN,FUTSTK,,1600.199951171875,1555.0,1632.0,1551.550048828125,2810862,1600.199951171875,600,YFINANCE
26-Dec-2024,ADANIGREEN,FUTSTK,,1064.25,1030.25,1082.199951171875,1023.0,5614636,1064.25,600,YFINANCE
26-Dec-2025,ADANIGREEN,FUTSTK,,1018.0999755859375,1015.0,1027.0,1011.5,834022,1018.0999755859375,600,YFINANCE
26-Feb-2024,ADANIGREEN,FUTSTK,,1970.449951171875,1931.4000244140625,2000.0,1925.0,1995834,1970.449951171875,600,YFINANCE
26-Feb-2026,ADANIGREEN,FUTSTK,,965.9500122070312,964.1500244140625,973.5,956.5499877929688,911136,965.9500122070312,600,YFINANCE
26-Jul-2023,ADANIGREEN,FUTSTK,,1140.4000244140625,1114.0,1184.8499755859375,1100.0,6346278,1140.4000244140625,600,YFINANCE
26-Jul-2024,ADANIGREEN,FUTSTK,,1803.699951171875,1887.800048828125,1903.6500244140625,1788.0,2836113,1803.699951171875,600,YFINANCE
26-Jun-2023,ADANIGREEN,FUTSTK,,968.4500122070312,940.0,973.9000244140625,925.0,6002771,968.4500122070312,600,YFINANCE
26-Jun-2024,ADANIGREEN,FUTSTK,,1774.300048828125,1804.699951171875,1809.8499755859375,1765.0,433144,1774.300048828125,600,YFINANCE
26-Jun-2025,ADANIGREEN,FUTSTK,,992.0,984.0,993.5,976.0999755859375,2254782,992.0,600,YFINANCE
26-Mar-2024,ADANIGREEN,FUTSTK,,1859.0,1840.0,1938.699951171875,1840.0,955701,1859.0,600,YFINANCE
26-Mar-2025,ADANIGREEN,FUTSTK,,912.0999755859375,921.9500122070312,942.0,910.0,3194761,912.0999755859375,600,YFINANCE
26-May-2023,ADANIGREEN,FUTSTK,,963.3499755859375,979.5499877929688,982.0,960.0,866198,963.3499755859375,600,YFINANCE
26-May-2025,ADANIGREEN,FUTSTK,,1011.8499755859375,997.0,1021.4000244140625,993.2999877929688,3403161,1011.8499755859375,600,YFINANCE
26-Nov-2024,ADANIGREEN,FUTSTK,,898.5499877929688,968.7999877929688,968.7999877929688,891.8499755859375,7526340,898.5499877929688,600,YFINANCE
26-Nov-2025,ADANIGREEN,FUTSTK,,1034.4000244140625,1016.0,1036.4000244140625,1012.5,1318167,1034.4000244140625,600,YFINANCE
26-Oct-2023,ADANIGREEN,FUTSTK,,848.1500244140625,866.5,869.5999755859375,815.5499877929688,1138154,848.1500244140625,600,YFINANCE
26-Sep-2023,ADANIGREEN,FUTSTK,,1012.2999877929688,1016.5999755859375,1016.5999755859375,999.0,5535950,1012.2999877929688,600,YFINANCE
26-Sep-2024,ADANIGREEN,FUTSTK,,2057.85009765625,2080.0,2091.0,2039.199951171875,804165,2057.85009765625,600,YFINANCE
26-Sep-2025,ADANIGREEN,FUTSTK,,1047.4000244140625,1082.8499755859375,1086.800048828125,1040.4000244140625,3774879,1047.4000244140625,600,YFINANCE
27-Apr-2023,ADANIGREEN,FUTSTK,,917.0499877929688,924.5999755859375,925.0,907.0499877929688,695987,917.0499877929688,600,YFINANCE
27-Aug-2024,ADANIGREEN,FUTSTK,,1886.800048828125,1888.0,1909.0,1875.199951171875,307625,1886.800048828125,600,YFINANCE
27-Dec-2023,ADANIGREEN,FUTSTK,,1601.0999755859375,1644.0,1657.949951171875,1570.050048828125,2120712,1601.0999755859375,600,YFINANCE
27-Dec-2024,ADANIGREEN,FUTSTK,,1054.0,1065.0,1076.6500244140625,1044.25,2871766,1054.0,600,YFINANCE
27-Feb-2023,ADANIGREEN,FUTSTK,,462.20001220703125,468.0,474.29998779296875,462.20001220703125,1064159,462.20001220703125,600,YFINANCE
27-Feb-2024,ADANIGREEN,FUTSTK,,1979.5,1964.0,2018.949951171875,1947.949951171875,1002672,1979.5,600,YFINANCE
27-Feb-2025,ADANIGREEN,FUTSTK,,811.75,848.6500244140625,859.4500122070312,806.2999877929688,5612214,811.75,600,YFINANCE
27-Feb-2026,ADANIGREEN,FUTSTK,,947.3499755859375,960.3499755859375,969.5,942.0,1156653,947.3499755859375,600,YFINANCE
27-Jan-2025,ADANIGREEN,FUTSTK,,998.9500122070312,995.0999755859375,1003.0,982.9500122070312,2286903,998.9500122070312,600,YFINANCE
27-Jan-2026,ADANIGREEN,FUTSTK,,799.0999755859375,789.0,819.2000122070312,768.0999755859375,13752483,799.0999755859375,600,YFINANCE
27-Jul-2023,ADANIGREEN,FUTSTK,,1119.199951171875,1148.0,1172.5,1111.199951171875,2025025,1119.199951171875,600,YFINANCE
27-Jun-2023,ADANIGREEN,FUTSTK,,959.5499877929688,970.9500122070312,977.8499755859375,956.0999755859375,415940,959.5499877929688,600,YFINANCE
27-Jun-2024,ADANIGREEN,FUTSTK,,1808.449951171875,1779.9000244140625,1817.949951171875,1755.050048828125,569485,1808.449951171875,600,YFINANCE
27-Jun-2025,ADANIGREEN,FUTSTK,,1015.5999755859375,994.4000244140625,1046.9000244140625,993.0,6044564,1015.5999755859375,600,YFINANCE
27-Mar-2023,ADANIGREEN,FUTSTK,,984.9000244140625,1060.0,1074.5,977.9000244140625,7656812,984.9000244140625,600,YFINANCE
27-Mar-2024,ADANIGREEN,FUTSTK,,1822.5,1869.699951171875,1895.0,1804.0,1172737,1822.5,600,YFINANCE
27-Mar-2025,ADANIGREEN,FUTSTK,,959.9000244140625,910.0,966.5999755859375,905.2000122070312,5918219,959.9000244140625,600,YFINANCE
27-Mar-2026,ADANIGREEN,FUTSTK,,832.5,850.4500122070312,850.4500122070312,825.9000244140625,2328454,832.5,600,YFINANCE
27-May-2024,ADANIGREEN,FUTSTK,,1929.5,1943.699951171875,1958.800048828125,1891.0,4354846,1929.5,600,YFINANCE
27-May-2025,ADANIGREEN,FUTSTK,,1013.0,1011.5,1022.5,1001.0,1740741,1013.0,600,YFINANCE
27-Nov-2024,ADANIGREEN,FUTSTK,,988.4000244140625,890.0,988.4000244140625,870.25,10995732,988.4000244140625,600,YFINANCE
27-Nov-2025,ADANIGREEN,FUTSTK,,1031.0999755859375,1040.0999755859375,1042.0,1018.2000122070312,1543218,1031.0999755859375,600,YFINANCE
27-Oct-2023,ADANIGREEN,FUTSTK,,870.9000244140625,852.8499755859375,896.5999755859375,852.8499755859375,902416,870.9000244140625,600,YFINANCE
27-Oct-2025,ADANIGREEN,FUTSTK,,1017.0999755859375,1025.0,1027.5999755859375,1015.0,1762358,1017.0999755859375,600,YFINANCE
27-Sep-2023,ADANIGREEN,FUTSTK,,1018.75,1000.0,1020.0,998.0,5379612,1018.75,600,YFINANCE
27-Sep-2024,ADANIGREEN,FUTSTK,,1981.8499755859375,2060.0,2084.300048828125,1963.75,2301548,1981.8499755859375,600,YFINANCE
28-Apr-2023,ADANIGREEN,FUTSTK,,951.0,926.7999877929688,960.0,922.0999755859375,2759309,951.0,600,YFINANCE
28-Apr-2025,ADANIGREEN,FUTSTK,,941.0,915.3499755859375,944.9500122070312,909.1500244140625,3691409,941.0,600,YFINANCE
28-Aug-2023,ADANIGREEN,FUTSTK,,980.0999755859375,997.0999755859375,998.5,965.5999755859375,650632,980.0999755859375,600,YFINANCE
28-Aug-2024,ADANIGREEN,FUTSTK,,1861.0999755859375,1880.0,1892.550048828125,1847.25,434976,1861.0999755859375,600,YFINANCE
28-Aug-2025,ADANIGREEN,FUTSTK,,921.1500244140625,931.0,935.0,917.0999755859375,1308868,921.1500244140625,600,YFINANCE
28-Dec-2023,ADANIGREEN,FUTSTK,,1561.0,1605.0999755859375,1608.4000244140625,1555.0,1156469,1561.0,600,YFINANCE
28-Feb-2023,ADANIGREEN,FUTSTK,,485.29998779296875,439.1000061035156,485.29998779296875,439.1000061035156,8613869,485.29998779296875,600,YFINANCE
28-Feb-2024,ADANIGREEN,FUTSTK,,1918.1500244140625,1989.800048828125,1996.5,1891.0,916806,1918.1500244140625,600,YFINANCE
28-Feb-2025,ADANIGREEN,FUTSTK,,774.4000244140625,795.0999755859375,815.0,760.1500244140625,43947584,774.4000244140625,600,YFINANCE
28-Jan-2025,ADANIGREEN,FUTSTK,,987.2999877929688,999.0,1012.75,965.7000122070312,2102556,987.2999877929688,600,YFINANCE
28-Jan-2026,ADANIGREEN,FUTSTK,,822.9000244140625,809.0,825.7000122070312,795.0,4377377,822.9000244140625,600,YFINANCE
28-Jul-2023,ADANIGREEN,FUTSTK,,1092.5999755859375,1129.0,1134.800048828125,1085.0,1524478,1092.5999755859375,600,YFINANCE
28-Jul-2025,ADANIGREEN,FUTSTK,,1003.9000244140625,979.7000122070312,1013.5999755859375,979.0,4051716,1003.9000244140625,600,YFINANCE
28-Jun-2023,ADANIGREEN,FUTSTK,,956.6500244140625,959.8499755859375,963.4500122070312,897.7000122070312,55121312,956.6500244140625,600,YFINANCE
28-Jun-2024,ADANIGREEN,FUTSTK,,1788.800048828125,1809.300048828125,1815.0,1777.5,485413,1788.800048828125,600,YFINANCE
28-Mar-2023,ADANIGREEN,FUTSTK,,935.6500244140625,950.0,953.7999877929688,935.6500244140625,1057688,935.6500244140625,600,YFINANCE
28-Mar-2024,ADANIGREEN,FUTSTK,,1835.1500244140625,1832.550048828125,1863.0,1820.0,605145,1835.1500244140625,600,YFINANCE
28-Mar-2025,ADANIGREEN,FUTSTK,,948.6500244140625,967.8499755859375,976.4500122070312,942.0499877929688,4083088,948.6500244140625,600,YFINANCE
28-May-2024,ADANIGREEN,FUTSTK,,1893.6500244140625,1935.0,1935.0,1865.1500244140625,1846867,1893.6500244140625,600,YFINANCE
28-May-2025,ADANIGREEN,FUTSTK,,1001.8499755859375,1013.2000122070312,1025.449951171875,999.5999755859375,2099725,1001.8499755859375,600,YFINANCE
28-Nov-2023,ADANIGREEN,FUTSTK,,1052.800048828125,955.0,1099.0,955.0,11565049,1052.800048828125,600,YFINANCE
28-Nov-2024,ADANIGREEN,FUTSTK,,1087.199951171875,1020.0,1087.199951171875,1014.0,7840622,1087.199951171875,600,YFINANCE
28-Nov-2025,ADANIGREEN,FUTSTK,,1048.199951171875,1031.199951171875,1052.5,1024.5999755859375,1626863,1048.199951171875,600,YFINANCE
28-Oct-2024,ADANIGREEN,FUTSTK,,1613.1500244140625,1644.0,1661.699951171875,1588.550048828125,850381,1613.1500244140625,600,YFINANCE
28-Oct-2025,ADANIGREEN,FUTSTK,,1004.2000122070312,1020.5,1024.0,998.5999755859375,1992608,1004.2000122070312,600,YFINANCE
28-Sep-2023,ADANIGREEN,FUTSTK,,1012.4500122070312,1020.0,1021.25,1001.0,3914462,1012.4500122070312,600,YFINANCE
29-Apr-2024,ADANIGREEN,FUTSTK,,1806.8499755859375,1815.9000244140625,1822.0,1795.75,293373,1806.8499755859375,600,YFINANCE
29-Apr-2025,ADANIGREEN,FUTSTK,,922.4000244140625,960.0,961.9000244140625,918.9000244140625,6040053,922.4000244140625,600,YFINANCE
29-Aug-2023,ADANIGREEN,FUTSTK,,974.5,984.0499877929688,985.0,963.0499877929688,1469569,974.5,600,YFINANCE
29-Aug-2024,ADANIGREEN,FUTSTK,,1829.6500244140625,1861.0,1879.199951171875,1811.5999755859375,534410,1829.6500244140625,600,YFINANCE
29-Aug-2025,ADANIGREEN,FUTSTK,,913.5,920.1500244140625,926.7999877929688,908.5,1477870,913.5,600,YFINANCE
29-Dec-2023,ADANIGREEN,FUTSTK,,1597.0,1570.0,1616.5,1545.0,1160954,1597.0,600,YFINANCE
29-Dec-2025,ADANIGREEN,FUTSTK,,1001.9000244140625,1018.0999755859375,1019.7999877929688,1000.0,830063,1001.9000244140625,600,YFINANCE
29-Feb-2024,ADANIGREEN,FUTSTK,,1895.050048828125,1921.0,1947.3499755859375,1855.949951171875,2243471,1895.050048828125,600,YFINANCE
29-Jan-2024,ADANIGREEN,FUTSTK,,1715.5,1684.949951171875,1750.0,1673.449951171875,3435566,1715.5,600,YFINANCE
29-Jan-2025,ADANIGREEN,FUTSTK,,987.6500244140625,989.0,1006.3499755859375,982.4000244140625,1865241,987.6500244140625,600,YFINANCE
29-Jan-2026,ADANIGREEN,FUTSTK,,858.7999877929688,824.4000244140625,864.7999877929688,816.5,7356835,858.7999877929688,600,YFINANCE
29-Jul-2024,ADANIGREEN,FUTSTK,,1836.25,1824.8499755859375,1855.0,1800.0999755859375,8946891,1836.25,600,YFINANCE
29-Jul-2025,ADANIGREEN,FUTSTK,,1015.5999755859375,1007.0,1022.9000244140625,993.5,3489498,1015.5999755859375,600,YFINANCE
29-Mar-2023,ADANIGREEN,FUTSTK,,894.3499755859375,888.9000244140625,973.9500122070312,888.9000244140625,8902722,894.3499755859375,600,YFINANCE
29-May-2023,ADANIGREEN,FUTSTK,,977.8499755859375,989.9000244140625,989.9000244140625,965.0999755859375,3177944,977.8499755859375,600,YFINANCE
29-May-2024,ADANIGREEN,FUTSTK,,1879.5999755859375,1872.0,1908.0,1865.3499755859375,626181,1879.5999755859375,600,YFINANCE
29-May-2025,ADANIGREEN,FUTSTK,,1019.0499877929688,1009.2000122070312,1027.0,1000.5499877929688,2700851,1019.0499877929688,600,YFINANCE
29-Nov-2023,ADANIGREEN,FUTSTK,,1041.699951171875,1089.6500244140625,1124.9000244140625,1021.5,6654207,1041.699951171875,600,YFINANCE
29-Nov-2024,ADANIGREEN,FUTSTK,,1323.9000244140625,1149.0,1368.0,1138.5,23771119,1323.9000244140625,600,YFINANCE
29-Oct-2024,ADANIGREEN,FUTSTK,,1635.0999755859375,1612.0,1641.0,1588.0,540217,1635.0999755859375,600,YFINANCE
29-Oct-2025,ADANIGREEN,FUTSTK,,1112.5999755859375,1028.0,1145.0,1012.0999755859375,36232727,1112.5999755859375,600,YFINANCE
29-Sep-2023,ADANIGREEN,FUTSTK,,987.1500244140625,1005.0499877929688,1011.9500122070312,984.0,895626,987.1500244140625,600,YFINANCE
29-Sep-2025,ADANIGREEN,FUTSTK,,1035.3499755859375,1053.9000244140625,1062.949951171875,1027.300048828125,3108705,1035.3499755859375,600,YFINANCE
30-Apr-2024,ADANIGREEN,FUTSTK,,1797.6500244140625,1814.0,1838.800048828125,1791.0,488769,1797.6500244140625,600,YFINANCE
30-Apr-2025,ADANIGREEN,FUTSTK,,900.7000122070312,922.7999877929688,929.0,895.0,3000004,900.7000122070312,600,YFINANCE
30-Aug-2023,ADANIGREEN,FUTSTK,,970.5,974.5,977.8499755859375,966.0,705104,970.5,600,YFINANCE
30-Aug-2024,ADANIGREEN,FUTSTK,,1838.1500244140625,1833.75,1861.800048828125,1824.0,1052305,1838.1500244140625,600,YFINANCE
30-Dec-2024,ADANIGREEN,FUTSTK,,1075.6500244140625,1060.0,1113.699951171875,1042.0,6974681,1075.6500244140625,600,YFINANCE
30-Dec-2025,ADANIGREEN,FUTSTK,,1007.0999755859375,1002.0,1011.5999755859375,998.2999877929688,2090689,1007.0999755859375,600,YFINANCE
30-Jan-2024,ADANIGREEN,FUTSTK,,1679.449951171875,1720.0,1722.0,1674.0,992518,1679.449951171875,600,YFINANCE
30-Jan-2025,ADANIGREEN,FUTSTK,,971.8499755859375,986.0,1001.9000244140625,965.7000122070312,1871049,971.8499755859375,600,YFINANCE
30-Jan-2026,ADANIGREEN,FUTSTK,,852.2999877929688,854.9000244140625,864.7999877929688,842.7000122070312,2887230,852.2999877929688,600,YFINANCE
30-Jul-2024,ADANIGREEN,FUTSTK,,1832.4000244140625,1845.0,1876.449951171875,1824.0,8899979,1832.4000244140625,600,YFINANCE
30-Jul-2025,ADANIGREEN,FUTSTK,,1009.7000122070312,1020.0,1024.5,1007.0,1365437,1009.7000122070312,600,YFINANCE
30-Jun-2023,ADANIGREEN,FUTSTK,,945.9000244140625,961.6500244140625,966.5999755859375,938.25,1326330,945.9000244140625,600,YFINANCE
30-Jun-2025,ADANIGREEN,FUTSTK,,1025.5999755859375,1020.0,1034.5,1015.0999755859375,2020543,1025.5999755859375,600,YFINANCE
30-Mar-2026,ADANIGREEN,FUTSTK,,806.9000244140625,828.0,839.0,802.0,3104906,806.9000244140625,600,YFINANCE
30-May-2023,ADANIGREEN,FUTSTK,,966.8499755859375,984.8499755859375,984.8499755859375,954.0,2694114,966.8499755859375,600,YFINANCE
30-May-2024,ADANIGREEN,FUTSTK,,1874.9000244140625,1874.0,1894.300048828125,1840.0999755859375,668450,1874.9000244140625,600,YFINANCE
30-May-2025,ADANIGREEN,FUTSTK,,1014.3499755859375,1019.5,1028.0,1004.2000122070312,1669801,1014.3499755859375,600,YFINANCE
30-Nov-2023,ADANIGREEN,FUTSTK,,1028.800048828125,1040.0,1040.0,1006.25,4253647,1028.800048828125,600,YFINANCE
30-Oct-2023,ADANIGREEN,FUTSTK,,915.25,875.0,939.7999877929688,868.4500122070312,2041633,915.25,600,YFINANCE
30-Oct-2024,ADANIGREEN,FUTSTK,,1634.199951171875,1615.0,1653.75,1596.6500244140625,713381,1634.199951171875,600,YFINANCE
30-Oct-2025,ADANIGREEN,FUTSTK,,1140.0999755859375,1112.5999755859375,1151.800048828125,1088.699951171875,11727335,1140.0999755859375,600,YFINANCE
30-Sep-2024,ADANIGREEN,FUTSTK,,1902.699951171875,1985.0,1988.449951171875,1891.9000244140625,1369027,1902.699951171875,600,YFINANCE
30-Sep-2025,ADANIGREEN,FUTSTK,,1026.8499755859375,1037.0,1043.0,1010.5,3520751,1026.8499755859375,600,YFINANCE
31-Aug-2023,ADANIGREEN,FUTSTK,,928.6500244140625,932.0499877929688,959.8499755859375,920.7000122070312,4440751,928.6500244140625,600,YFINANCE
31-Dec-2024,ADANIGREEN,FUTSTK,,1040.699951171875,1070.949951171875,1070.949951171875,1029.0,2589661,1040.699951171875,600,YFINANCE
31-Dec-2025,ADANIGREEN,FUTSTK,,1015.0999755859375,1013.0,1018.7999877929688,1009.2000122070312,637693,1015.0999755859375,600,YFINANCE
31-Jan-2024,ADANIGREEN,FUTSTK,,1669.449951171875,1680.0,1694.9000244140625,1665.050048828125,802666,1669.449951171875,600,YFINANCE
31-Jan-2025,ADANIGREEN,FUTSTK,,997.5499877929688,973.9000244140625,1006.7999877929688,971.5499877929688,3123886,997.5499877929688,600,YFINANCE
31-Jul-2023,ADANIGREEN,FUTSTK,,1093.300048828125,1109.0,1137.9000244140625,1080.0,3152824,1093.300048828125,600,YFINANCE
31-Jul-2024,ADANIGREEN,FUTSTK,,1847.199951171875,1844.0,1866.0,1811.25,9922499,1847.199951171875,600,YFINANCE
31-Jul-2025,ADANIGREEN,FUTSTK,,984.7000122070312,985.5,1007.5,980.0999755859375,2062250,984.7000122070312,600,YFINANCE
31-Mar-2023,ADANIGREEN,FUTSTK,,881.1500244140625,912.0,936.0,872.2000122070312,3833232,881.1500244140625,600,YFINANCE
31-May-2023,ADANIGREEN,FUTSTK,,977.7000122070312,960.0,998.0,933.75,6233565,977.7000122070312,600,YFINANCE
31-May-2024,ADANIGREEN,FUTSTK,,1908.3499755859375,1874.0,1993.9000244140625,1870.0,4487964,1908.3499755859375,600,YFINANCE
31-Oct-2023,ADANIGREEN,FUTSTK,,911.6500244140625,920.0,933.3499755859375,904.0,713136,911.6500244140625,600,YFINANCE
31-Oct-2024,ADANIGREEN,FUTSTK,,1598.300048828125,1642.0999755859375,1664.0,1591.949951171875,716981,1598.300048828125,600,YFINANCE
31-Oct-2025,ADANIGREEN,FUTSTK,,1140.0,1145.0,1159.5,1125.0999755859375,5725034,1140.0,600,YFINANCE
