symbol,expiry,entry_premium,exit_premium,pnl_pct,pnl_inr,lot,dte,spot
360ONE,2025-10-28,-0.43,-0.273,0.157,931.0,500,4,1185.7
ABB,2023-06-29,-14.157,-14.157,0.0,0.0,250,8,5092.0
ABB,2023-07-27,-11.393,-13.389,-1.9953,-25400.0,250,8,5092.0
ABB,2023-08-31,-14.853,-13.908,0.9446,12025.0,250,7,5092.0
ABB,2023-09-28,-14.704,-14.704,0.0,0.0,250,8,5092.0
ABB,2023-11-30,-14.509,-13.365,1.144,7281.0,125,9,5092.0
ABB,2024-01-25,-6.827,-7.044,-0.217,-1381.0,125,5,5092.0
ABB,2024-02-29,4.086,7.066,-2.9802,-18969.0,125,3,5092.0
ABB,2024-03-28,12.638,12.638,0.0,0.0,125,8,5092.0
ADANIENT,2024-11-28,0.392,0.068,0.3243,2196.0,300,3,2257.5
ADANIGREEN,2025-01-30,-0.501,0.123,0.624,2338.0,375,3,998.95
ADANIPORTS,2024-02-29,-9.62,-10.735,-1.115,-13200.0,800,3,1479.8
ADANIPORTS,2024-03-28,-13.167,-9.116,4.0512,47960.0,800,6,1479.8
ADANIPORTS,2024-04-25,-10.626,-9.998,0.6285,7440.0,800,3,1479.8
ADANIPORTS,2024-05-30,-2.953,-6.639,-3.6863,-21820.0,400,3,1479.8
ADANIPORTS,2024-06-27,-1.439,0.139,1.5779,9340.0,400,3,1479.8
ADANIPORTS,2024-07-25,-1.02,0.27,1.2907,7640.0,400,3,1479.8
ADANIPORTS,2024-09-26,-1.541,-0.615,0.9258,5480.0,400,3,1479.8
ALKEM,2025-02-27,0.317,0.118,0.1986,915.0,100,3,4609.05
ALKEM,2025-03-27,0.377,0.129,0.248,1253.0,100,3,5052.55
AMBER,2025-09-30,-0.588,0.136,0.724,5910.0,100,4,8162.5
AMBER,2025-11-25,-0.403,0.294,0.6972,5017.0,100,4,7196.0
AMBUJACEM,2024-02-29,10.985,10.465,0.5205,5130.0,1800,3,547.55
AMBUJACEM,2024-03-28,7.926,11.725,-3.7987,-37440.0,1800,6,547.55
AMBUJACEM,2024-04-25,12.711,12.711,0.0,0.0,1800,3,547.55
AMBUJACEM,2024-05-30,12.876,12.857,0.0183,90.0,900,12,547.55
AMBUJACEM,2024-08-29,14.848,11.935,2.913,14355.0,900,3,547.55
AMBUJACEM,2024-09-26,13.633,13.935,-0.3013,-1485.0,900,3,547.55
ANGELONE,2025-01-30,-1.317,0.281,1.5984,7073.0,200,3,2212.65
ANGELONE,2025-02-27,-0.339,0.225,0.5642,2565.0,200,3,2273.05
ANGELONE,2025-03-27,-0.32,0.218,0.5378,2555.0,200,3,2374.95
ANGELONE,2025-08-28,0.311,-0.066,0.377,2306.0,250,3,2446.9
ANGELONE,2025-09-30,-1.386,-0.155,1.2308,6573.0,250,4,2136.4
ANGELONE,2025-12-30,0.321,0.183,0.1373,857.0,250,4,2495.8
APOLLOHOSP,2024-02-29,-10.729,-13.925,-3.1965,-29531.0,125,3,7391.0
APOLLOHOSP,2024-03-28,-13.684,-13.949,-0.2659,-2456.0,125,6,7391.0
APOLLOHOSP,2024-04-25,-14.175,-13.809,0.3653,3375.0,125,9,7391.0
APOLLOHOSP,2024-07-25,-13.253,-13.733,-0.4796,-4431.0,125,3,7391.0
APOLLOHOSP,2024-08-29,-8.218,-7.401,0.8172,7550.0,125,3,7391.0
APOLLOHOSP,2024-09-26,-3.109,-3.189,-0.0805,-744.0,125,3,7391.0
ASHOKLEY,2024-11-28,-0.311,-0.142,0.1683,988.0,2500,3,234.91
ASHOKLEY,2025-12-30,-0.309,-0.123,0.186,1624.0,5000,4,174.68
ASHOKLEY,2026-01-27,0.311,0.0,0.3109,3000.0,5000,4,192.98
ASIANPAINT,2023-02-23,-1.863,-6.066,-4.2029,-24180.0,200,3,2876.6
ASIANPAINT,2023-03-29,-2.675,-3.833,-1.1576,-6660.0,200,5,2876.6
ASIANPAINT,2023-04-27,0.508,0.725,-0.2173,-1250.0,200,3,2876.6
ASIANPAINT,2023-05-25,7.45,8.376,-0.9264,-5330.0,200,3,2876.6
ASIANPAINT,2023-06-29,14.847,14.847,0.0,0.0,200,3,2876.6
ASIANPAINT,2023-08-31,13.099,13.172,-0.073,-420.0,200,3,2876.6
ASIANPAINT,2023-09-28,13.627,9.76,3.8674,22250.0,200,6,2876.6
ASIANPAINT,2023-10-26,6.704,2.689,4.0152,23100.0,200,3,2876.6
ASIANPAINT,2023-11-30,8.981,8.713,0.2677,1540.0,200,6,2876.6
ASIANPAINT,2024-01-25,9.111,2.635,6.4764,37260.0,200,5,2876.6
ASIANPAINT,2024-02-29,-0.601,-1.994,-1.3923,-8010.0,200,3,2876.6
ASIANPAINT,2024-03-28,-0.892,-1.079,-0.1877,-1080.0,200,6,2876.6
ASIANPAINT,2024-04-25,-1.187,-0.687,0.5006,2880.0,200,3,2876.6
ASIANPAINT,2024-06-27,0.513,-0.024,0.5371,3090.0,200,3,2876.6
ASIANPAINT,2024-07-25,2.267,0.648,1.6182,9310.0,200,3,2876.6
ASIANPAINT,2024-08-29,10.151,8.474,1.6773,9650.0,200,3,2876.6
ASIANPAINT,2024-09-26,14.116,13.773,0.3424,1970.0,200,3,2876.6
ASIANPAINT,2025-04-24,-0.474,-0.248,0.2269,1110.0,200,3,2445.0
ASIANPAINT,2025-05-29,0.322,0.296,0.0259,120.0,200,3,2327.2
ASTRAL,2023-03-29,-8.357,-7.831,0.5266,2808.0,367,5,1452.6
ASTRAL,2023-04-27,-3.762,-4.01,-0.2478,-1321.0,367,3,1452.6
ASTRAL,2023-05-25,13.958,13.958,0.0,0.0,367,6,1452.6
ASTRAL,2024-10-31,0.326,0.218,0.1083,714.0,367,3,1795.25
ASTRAL,2025-03-27,-0.334,0.05,0.3847,1857.0,367,3,1315.4
ASTRAL,2025-05-29,-0.384,-0.153,0.2313,1281.0,367,3,1508.7
AUBANK,2025-01-30,-0.639,0.294,0.9325,5254.0,1000,3,563.45
AUBANK,2025-03-27,-0.373,-0.126,0.2464,1355.0,1000,3,550.05
AUBANK,2025-04-24,-1.932,0.22,2.1526,13423.0,1000,3,623.6
AUROPHARMA,2023-11-30,-14.226,-13.363,0.8624,11440.0,1100,6,1205.9
AUROPHARMA,2023-12-28,0.324,-0.142,0.4658,5464.0,1100,6,1066.4
AUROPHARMA,2024-01-25,-4.801,-4.76,0.0415,550.0,1100,5,1205.9
AXISBANK,2023-12-28,0.308,0.081,0.2266,1541.0,625,6,1088.3
AXISBANK,2024-02-29,-14.215,-14.215,0.0,0.0,625,6,1275.8
AXISBANK,2024-05-30,-6.941,-8.465,-1.5245,-12156.0,625,3,1275.8
AXISBANK,2024-06-27,-3.606,0.776,4.3816,34938.0,625,3,1275.8
AXISBANK,2024-07-25,0.651,-8.105,8.7553,69812.0,625,3,1275.8
AXISBANK,2024-08-29,-8.203,-7.866,0.337,2687.0,625,3,1275.8
AXISBANK,2024-09-26,-2.156,-0.102,2.0536,16375.0,625,3,1275.8
BAJAJ-AUTO,2024-02-29,-6.007,-10.871,-4.8639,-54062.0,125,3,8892.0
BAJAJ-AUTO,2024-03-28,0.615,2.764,-2.1491,-23887.0,125,6,8892.0
BAJAJ-AUTO,2024-04-25,-0.944,-1.653,-0.7085,-7875.0,125,3,8892.0
BAJAJ-AUTO,2024-05-30,1.577,0.829,0.7473,8306.0,125,3,8892.0
BAJAJ-AUTO,2024-06-27,9.728,6.059,3.6685,40775.0,125,3,8892.0
BAJAJ-AUTO,2024-07-25,5.697,4.175,1.5222,10151.0,75,3,8892.0
BAJAJ-AUTO,2024-08-29,11.571,11.571,0.0,0.0,75,7,8892.0
BANDHANBNK,2024-12-26,0.803,-0.068,0.8711,4010.0,2800,3,164.38
BANDHANBNK,2025-01-30,0.395,-0.027,0.4216,1765.0,2800,3,149.5
BANDHANBNK,2025-05-29,0.314,0.181,0.1326,615.0,2800,3,165.62
BANDHANBNK,2026-01-27,0.301,-0.282,0.5832,3135.0,3600,4,149.33
BANKNIFTY,2023-03-29,0.301,0.053,0.2477,2477.0,25,7,39999.05
BANKNIFTY,2024-09-25,-0.451,0.001,0.4513,3641.0,15,5,53793.2
BANKNIFTY,2024-12-24,0.337,-0.011,0.3484,2695.0,15,5,51575.7
BDL,2025-12-30,0.318,-0.055,0.373,1792.0,325,4,1477.9
BHARATFORG,2023-12-28,0.362,-0.177,0.5386,3236.0,500,6,1201.75
BHARATFORG,2024-01-25,-13.108,-14.75,-1.6416,-11575.0,500,5,1410.2
BHARATFORG,2025-06-26,0.448,-0.016,0.4631,3001.0,500,3,1295.8
BHARTIARTL,2025-11-25,-0.31,-0.241,0.0692,711.0,475,4,2162.7
BHEL,2024-04-25,-7.947,-3.841,4.1062,60900.0,5250,3,282.5
BHEL,2024-05-30,6.035,2.92,3.115,23100.0,2625,3,282.5
BHEL,2024-06-27,4.46,5.204,-0.7434,-5512.0,2625,3,282.5
BHEL,2024-07-25,7.77,10.053,-2.2832,-16931.0,2625,3,282.5
BHEL,2024-08-29,5.434,3.15,2.2832,16931.0,2625,3,282.5
BHEL,2024-09-26,-3.027,-0.549,2.4779,18375.0,2625,3,282.5
BLUESTARCO,2025-07-31,0.316,0.069,0.2473,1397.0,325,3,1738.7
BLUESTARCO,2025-08-28,0.305,0.202,0.1024,634.0,325,3,1904.4
BLUESTARCO,2025-09-30,-0.799,-0.149,0.65,3993.0,325,4,1890.1
BLUESTARCO,2025-11-25,-0.31,-0.137,0.1722,994.0,325,4,1776.3
BLUESTARCO,2026-01-27,0.377,0.072,0.3049,1683.0,325,4,1698.1
BOSCHLTD,2025-02-27,0.313,-0.176,0.4888,3299.0,25,3,26998.4
BOSCHLTD,2025-07-31,-1.491,-0.186,1.3051,12475.0,25,3,38235.0
BPCL,2023-02-23,-10.506,-12.152,-1.6459,-10800.0,1800,3,364.55
BPCL,2023-03-29,-5.006,-6.748,-1.7419,-11430.0,1800,5,364.55
BPCL,2023-04-27,-4.677,-2.647,2.0299,13320.0,1800,3,364.55
BPCL,2023-05-25,-0.617,-0.453,0.1646,1080.0,1800,3,364.55
BPCL,2023-06-29,-1.55,-1.303,0.2469,1620.0,1800,3,364.55
BPCL,2023-07-27,7.105,3.799,3.3054,21690.0,1800,3,364.55
BPCL,2023-08-31,-2.62,-6.611,-3.9912,-26190.0,1800,3,364.55
BPCL,2023-09-28,-3.552,-5.98,-2.4277,-15930.0,1800,3,364.55
BPCL,2023-10-26,-6.131,-8.202,-2.071,-13590.0,1800,3,364.55
BPCL,2023-11-30,12.44,12.44,0.0,0.0,1800,6,364.55
BPCL,2024-07-25,-12.728,-10.506,2.2219,14580.0,1800,7,364.55
BPCL,2024-08-29,-3.731,-2.263,1.4676,9630.0,1800,3,364.55
BPCL,2024-09-26,-7.365,-5.431,1.9339,12690.0,1800,3,364.55
BPCL,2025-01-30,-2.086,-0.175,1.9107,8987.0,1800,3,261.3
BPCL,2025-07-31,-1.2,-0.03,1.1694,7700.0,1975,3,333.4
BRITANNIA,2024-02-29,-14.654,-14.656,-0.0017,-20.0,200,7,5813.0
BRITANNIA,2024-03-28,-14.14,-14.397,-0.2572,-2990.0,200,10,5813.0
BRITANNIA,2024-05-30,-10.101,-10.605,-0.504,-5860.0,200,3,5813.0
BRITANNIA,2024-06-27,-8.544,-6.674,1.8699,21740.0,200,3,5813.0
BRITANNIA,2024-07-25,1.359,0.421,0.9384,10910.0,200,3,5813.0
BRITANNIA,2024-09-26,7.027,7.395,-0.3681,-4280.0,200,3,5813.0
BRITANNIA,2025-01-30,-0.664,-0.053,0.6104,3160.0,100,3,5176.25
BSE,2025-09-30,0.338,-0.074,0.4112,3151.0,375,4,2043.2
CAMS,2025-01-30,0.356,-0.055,0.4108,1956.0,125,3,3808.65
CDSL,2025-06-26,0.325,-0.052,0.3765,2271.0,350,3,1723.3
CGPOWER,2025-01-30,0.369,0.073,0.297,1282.0,725,3,595.45
CHOLAFIN,2025-04-24,-1.301,0.116,1.4176,14706.0,625,3,1659.8
CHOLAFIN,2025-10-28,-0.635,0.174,0.8086,8761.0,625,4,1733.6
CIPLA,2024-01-25,-13.196,-9.449,3.7472,36823.0,650,5,1511.8
CIPLA,2024-02-29,-3.033,-2.203,0.8301,8157.0,650,3,1511.8
CIPLA,2024-03-28,-1.693,-0.903,0.7904,7768.0,650,6,1511.8
CIPLA,2024-04-25,-10.282,-7.121,3.1618,31070.0,650,3,1511.8
CIPLA,2024-05-30,-2.008,-3.281,-1.2733,-12512.0,650,3,1511.8
CIPLA,2024-06-27,-0.331,-1.928,-1.5974,-15697.0,650,3,1511.8
CIPLA,2024-07-25,-1.31,-0.784,0.5259,5168.0,650,3,1511.8
CIPLA,2024-08-29,5.278,6.846,-1.5677,-15405.0,650,3,1511.8
CIPLA,2024-09-26,9.538,7.514,2.0241,19890.0,650,3,1511.8
COALINDIA,2023-11-30,-11.859,-9.453,2.4061,19110.0,2100,6,378.2
COALINDIA,2024-01-25,5.724,2.975,2.7499,21840.0,2100,5,378.2
COALINDIA,2024-02-29,14.781,14.397,0.3834,3045.0,2100,8,378.2
COALINDIA,2024-03-28,14.357,14.833,-0.4759,-3780.0,2100,6,378.2
COLPAL,2023-07-27,-13.402,-8.06,5.3426,40775.0,350,3,2180.6
COLPAL,2023-08-31,-11.116,-11.018,0.0986,752.0,350,3,2180.6
COLPAL,2023-09-28,-7.872,-8.952,-1.08,-8242.0,350,3,2180.6
COLPAL,2023-10-26,-4.586,-6.691,-2.1049,-16065.0,350,3,2180.6
COLPAL,2023-11-30,0.663,0.543,0.1192,910.0,350,6,2180.6
COLPAL,2024-01-25,14.647,14.368,0.2797,2135.0,350,6,2180.6
COLPAL,2025-04-24,0.318,0.187,0.1317,586.0,175,3,2544.0
COLPAL,2025-05-29,-0.797,0.113,0.9093,3995.0,175,3,2510.3
COLPAL,2025-06-26,0.336,-0.122,0.4582,1932.0,175,3,2409.8
CONCOR,2023-03-29,14.036,11.757,2.279,11650.0,1000,5,511.2
CONCOR,2023-12-28,0.33,-0.006,0.3362,2799.0,1000,6,832.4
CROMPTON,2023-02-23,11.483,11.333,0.1496,600.0,1500,3,267.35
CROMPTON,2023-03-29,9.725,9.201,0.5237,2100.0,1500,5,267.35
CROMPTON,2023-04-27,10.08,-2.768,12.8483,51525.0,1500,3,267.35
CROMPTON,2023-05-25,-2.749,2.674,5.4236,21750.0,1500,3,267.35
CROMPTON,2023-06-29,7.855,8.266,-0.4114,-1650.0,1500,3,267.35
CROMPTON,2023-07-27,8.678,8.042,0.6359,3060.0,1800,3,267.35
CROMPTON,2023-08-31,13.11,12.306,0.8042,3870.0,1800,3,267.35
CROMPTON,2023-09-28,9.837,14.513,-4.6755,-22500.0,1800,3,267.35
CROMPTON,2023-10-26,4.676,7.481,-2.8053,-13500.0,1800,3,267.35
CROMPTON,2023-11-30,6.527,6.677,-0.1496,-720.0,1800,6,267.35
CROMPTON,2024-02-29,7.612,8.94,-1.3278,-6390.0,1800,3,267.35
CROMPTON,2024-03-28,1.103,-0.019,1.1221,5400.0,1800,6,267.35
CROMPTON,2024-04-25,14.775,14.775,0.0,0.0,1800,3,267.35
CUMMINSIND,2025-08-28,-0.423,-0.107,0.3157,2450.0,200,3,3880.5
DABUR,2023-02-23,3.665,4.354,-0.6885,-4438.0,1250,3,515.65
DABUR,2023-03-29,4.102,3.772,0.3297,2125.0,1250,5,515.65
DABUR,2023-04-27,1.949,2.793,-0.8436,-5437.0,1250,3,515.65
DABUR,2023-05-25,1.251,2.579,-1.3284,-8563.0,1250,3,515.65
DABUR,2023-06-29,10.463,10.637,-0.1745,-1125.0,1250,3,515.65
DABUR,2023-07-27,9.89,11.083,-1.1927,-7687.0,1250,3,515.65
DABUR,2023-08-31,7.534,7.321,0.2133,1375.0,1250,3,515.65
DABUR,2023-09-28,7.583,6.312,1.2702,8187.0,1250,3,515.65
DABUR,2023-10-26,1.115,-0.921,2.0363,13125.0,1250,3,515.65
DABUR,2023-11-30,4.043,4.412,-0.3685,-2375.0,1250,6,515.65
DABUR,2023-12-28,0.312,0.212,0.1,662.0,1250,6,529.3
DABUR,2024-01-25,4.266,2.899,1.3672,8812.0,1250,5,515.65
DABUR,2025-05-29,0.323,-0.166,0.4887,2934.0,1250,3,480.3
DABUR,2025-07-31,-0.431,-0.019,0.4121,2689.0,1250,3,522.0
DABUR,2025-12-30,0.348,-0.061,0.4087,2494.0,1250,4,488.2
DALBHARAT,2024-10-31,0.356,0.372,-0.0159,-79.0,275,3,1796.3
DALBHARAT,2025-01-30,0.312,0.319,-0.0068,-33.0,275,3,1795.95
DALBHARAT,2025-02-27,0.38,0.318,0.062,296.0,275,3,1737.25
DELHIVERY,2025-04-24,-0.548,-0.2,0.3484,1551.0,1525,3,292.0
DELHIVERY,2025-05-29,-0.676,0.167,0.8424,4657.0,1525,3,362.55
DIVISLAB,2024-09-26,-14.296,-14.296,0.0,0.0,200,6,6373.0
DIXON,2024-08-29,-10.635,-11.687,-1.0518,-15740.0,100,3,14965.0
DIXON,2024-09-26,-4.833,-5.679,-0.8453,-12650.0,100,3,14965.0
DIXON,2025-02-27,0.322,-0.094,0.4163,2923.0,50,3,14043.35
DIXON,2025-05-29,0.338,-0.061,0.3989,3008.0,50,3,15085.0
DIXON,2025-06-26,0.412,-0.07,0.4816,3509.0,50,3,14571.0
DLF,2024-03-28,14.124,14.124,0.0,0.0,1650,8,725.35
DLF,2024-07-25,14.614,11.746,2.8676,17160.0,825,3,725.35
DMART,2025-02-27,0.347,-0.003,0.3501,1875.0,150,3,3570.9
DMART,2025-05-29,0.314,0.01,0.3042,1889.0,150,3,4138.4
DMART,2025-10-28,0.304,0.019,0.2848,1800.0,150,4,4213.9
DMART,2025-12-30,0.314,0.075,0.2396,1361.0,150,4,3787.4
DRREDDY,2025-01-30,-0.501,0.088,0.5889,4408.0,625,3,1197.65
DRREDDY,2025-03-27,-0.388,-0.181,0.2076,1571.0,625,3,1210.3
DRREDDY,2025-11-25,-0.378,-0.251,0.1271,988.0,625,4,1243.9
ETERNAL,2025-04-24,-0.312,-0.03,0.282,1321.0,2000,3,234.24
EXIDEIND,2024-01-25,-14.413,-14.413,0.0,0.0,3600,5,375.35
EXIDEIND,2024-02-29,-12.415,-14.64,-2.2246,-30060.0,3600,3,375.35
EXIDEIND,2024-04-25,8.925,8.925,0.0,0.0,3600,10,375.35
FEDERALBNK,2025-02-27,0.342,-0.017,0.3589,3252.0,5000,3,181.24
GAIL,2024-01-25,-9.121,-9.776,-0.6558,-5490.0,4575,5,182.99
GLENMARK,2024-08-29,-8.253,-7.987,0.2657,3553.0,725,3,1844.2
GLENMARK,2024-09-26,-7.171,-9.107,-1.9358,-25883.0,725,3,1844.2
GMRAIRPORT,2024-03-28,0.318,-0.245,0.563,4981.0,11250,6,78.65
GMRAIRPORT,2024-05-30,0.454,-0.185,0.6386,6336.0,11250,3,88.2
GMRAIRPORT,2024-07-25,0.372,-0.117,0.4892,5174.0,11250,3,94.0
GODREJCP,2023-03-29,-14.322,-14.042,0.28,3150.0,1000,9,1125.2
GODREJCP,2023-04-27,-11.896,-13.207,-1.3109,-14750.0,1000,3,1125.2
GODREJCP,2023-05-25,-9.612,-8.621,0.9909,11150.0,1000,3,1125.2
GODREJCP,2023-06-29,-8.256,-7.719,0.5377,6050.0,1000,3,1125.2
GODREJCP,2023-07-27,-7.887,-8.345,-0.4577,-5150.0,1000,3,1125.2
GODREJCP,2023-08-31,-8.714,-10.629,-1.9152,-21550.0,1000,3,1125.2
GODREJCP,2023-09-28,-13.118,-11.971,1.1465,12900.0,1000,3,1125.2
GODREJCP,2023-10-26,-12.887,-14.34,-1.4531,-16350.0,1000,3,1125.2
GODREJCP,2023-11-30,-10.296,-10.34,-0.0444,-250.0,500,6,1125.2
GODREJCP,2024-02-29,11.149,11.633,-0.4844,-2725.0,500,3,1125.2
GODREJCP,2024-03-28,8.816,11.065,-2.2485,-12650.0,500,6,1125.2
GODREJCP,2024-04-25,5.483,6.59,-1.1065,-6225.0,500,3,1125.2
GODREJCP,2024-05-30,14.477,13.233,1.2442,7000.0,500,9,1125.2
GODREJPROP,2023-11-30,-11.789,-10.189,1.5998,15889.0,475,6,2090.9
GODREJPROP,2023-12-28,0.446,-0.023,0.4689,4391.0,475,6,1971.7
GODREJPROP,2024-01-25,10.591,11.127,-0.5357,-5320.0,475,5,2090.9
GODREJPROP,2024-02-29,14.542,14.8,-0.2583,-2565.0,475,7,2090.9
GODREJPROP,2024-03-28,7.743,9.855,-2.1115,-20971.0,475,6,2090.9
GRASIM,2024-05-30,-12.184,-14.251,-2.0678,-26974.0,477,3,2734.8
GRASIM,2024-06-27,-8.092,-3.461,4.6311,60412.0,477,3,2734.8
GRASIM,2024-07-25,3.039,2.58,0.4589,3138.0,250,3,2734.8
GRASIM,2024-09-26,-2.305,0.378,2.6839,18350.0,250,3,2734.8
HAVELLS,2023-02-23,-14.898,-14.898,0.0,0.0,500,6,1441.1
HAVELLS,2023-05-25,-12.091,-11.266,0.8258,5950.0,500,3,1441.1
HAVELLS,2023-06-29,-10.391,-10.586,-0.1943,-1400.0,500,3,1441.1
HAVELLS,2023-07-27,-9.85,-9.004,0.8466,6100.0,500,3,1441.1
HAVELLS,2023-08-31,-8.556,-4.188,4.3682,31475.0,500,3,1441.1
HAVELLS,2023-09-28,-2.838,-4.556,-1.7174,-12375.0,500,3,1441.1
HAVELLS,2023-10-26,-10.745,-12.185,-1.4399,-10375.0,500,3,1441.1
HAVELLS,2023-11-30,-10.169,-9.621,0.5482,3950.0,500,6,1441.1
HAVELLS,2024-01-25,-4.576,-10.516,-5.9399,-42800.0,500,5,1441.1
HCLTECH,2024-01-25,-4.095,-3.759,0.3358,3780.0,700,5,1608.0
HCLTECH,2024-02-29,2.799,3.386,-0.5877,-6615.0,700,3,1608.0
HCLTECH,2024-03-28,-3.197,-4.027,-0.8302,-9345.0,700,6,1608.0
HCLTECH,2024-04-25,-8.784,-6.521,2.2637,25480.0,700,3,1608.0
HCLTECH,2024-06-27,-10.491,-9.409,1.0821,6090.0,350,3,1608.0
HCLTECH,2024-07-25,-2.59,-1.524,1.0665,6003.0,350,3,1608.0
HCLTECH,2024-08-29,6.738,8.703,-1.9652,-11060.0,350,3,1608.0
HCLTECH,2024-09-26,8.691,10.979,-2.2886,-12880.0,350,3,1608.0
HDFCAMC,2023-12-28,0.369,0.137,0.2325,2247.0,300,6,3221.5
HDFCAMC,2025-06-26,0.328,0.14,0.1881,1394.0,150,3,4938.5
HDFCAMC,2025-07-31,-0.359,-0.088,0.271,2261.0,150,3,5563.5
HDFCLIFE,2023-07-27,-14.359,-13.357,1.0013,8415.0,1100,3,764.0
HDFCLIFE,2023-09-28,-14.974,-14.974,0.0,0.0,1100,8,764.0
HDFCLIFE,2023-11-30,-12.507,-9.784,2.7225,22880.0,1100,6,764.0
HEROMOTOCO,2023-12-28,-0.536,-0.206,0.33,3897.0,300,6,3935.7
HINDALCO,2024-05-30,-12.563,-10.865,1.6973,18480.0,1400,3,777.7
HINDALCO,2024-06-27,-11.965,-12.093,-0.1286,-1400.0,1400,3,777.7
HINDALCO,2024-07-25,-13.656,-13.656,0.0,0.0,1400,3,777.7
HINDALCO,2024-08-29,-8.577,-10.145,-1.5687,-17080.0,1400,3,777.7
HINDALCO,2024-09-26,-11.238,-5.799,5.4391,59220.0,1400,3,777.7
HINDALCO,2026-01-27,-0.305,-0.182,0.1232,820.0,700,4,950.3
HINDPETRO,2024-02-29,14.95,8.042,6.9082,88020.0,2700,3,471.9
HINDPETRO,2024-03-28,0.498,0.615,-0.1166,-1485.0,2700,6,471.9
HINDPETRO,2024-04-25,4.365,4.122,0.2437,3105.0,2700,3,471.9
HINDPETRO,2024-05-30,13.742,13.011,0.7311,4658.0,1350,7,471.9
HINDPETRO,2024-06-27,11.072,11.072,0.0,0.0,1350,7,471.9
HINDPETRO,2024-08-29,-14.198,-11.729,2.4687,23591.0,2025,3,471.9
HINDPETRO,2024-09-26,-14.442,-10.797,3.6448,34830.0,2025,3,471.9
HINDUNILVR,2023-02-23,3.355,2.243,1.1115,8115.0,300,3,2433.7
HINDUNILVR,2023-03-29,1.999,3.735,-1.736,-12675.0,300,5,2433.7
HINDUNILVR,2023-04-27,2.891,1.547,1.3436,9810.0,300,3,2433.7
HINDUNILVR,2023-05-25,8.267,6.831,1.4361,10485.0,300,3,2433.7
HINDUNILVR,2023-06-29,9.151,8.75,0.4006,2925.0,300,3,2433.7
HINDUNILVR,2023-07-27,6.198,5.426,0.7725,5640.0,300,3,2433.7
HINDUNILVR,2023-08-31,4.863,2.854,2.0093,14670.0,300,3,2433.7
HINDUNILVR,2023-09-28,1.757,0.865,0.8916,6510.0,300,3,2433.7
HINDUNILVR,2023-10-26,2.19,1.855,0.3349,2445.0,300,3,2433.7
HINDUNILVR,2023-11-30,3.355,4.325,-0.9697,-7080.0,300,6,2433.7
HINDUNILVR,2024-01-25,1.617,-0.288,1.9045,13905.0,300,5,2433.7
HINDZINC,2025-06-26,0.306,-0.056,0.3621,1954.0,1225,3,440.55
HINDZINC,2026-01-27,-0.508,-0.096,0.4118,3525.0,1225,4,698.7
HUDCO,2025-01-30,-1.206,-0.125,1.0815,5500.0,2425,3,209.72
HUDCO,2025-06-26,0.306,0.025,0.281,1581.0,2425,3,232.04
ICICIBANK,2024-06-27,-14.666,-11.176,3.4903,33460.0,700,3,1369.5
ICICIBANK,2024-07-25,-9.237,-12.413,-3.1763,-30450.0,700,3,1369.5
ICICIBANK,2024-08-29,-11.479,-10.675,0.8032,7700.0,700,3,1369.5
ICICIBANK,2024-09-26,-3.79,-3.016,0.774,7420.0,700,3,1369.5
ICICIGI,2024-04-25,-14.485,-14.485,0.0,0.0,500,7,2004.1
ICICIGI,2024-06-27,-11.494,-10.469,1.0254,10275.0,500,3,2004.1
ICICIGI,2024-07-25,-5.531,-2.048,3.4829,34900.0,500,3,2004.1
ICICIGI,2024-08-29,5.511,6.831,-1.3198,-13225.0,500,3,2004.1
ICICIGI,2024-09-26,13.173,12.886,0.2869,2875.0,500,3,2004.1
ICICIGI,2025-03-27,-0.384,-0.304,0.08,357.0,250,3,1785.05
ICICIGI,2025-08-28,-0.396,0.113,0.5089,3174.0,325,3,1919.0
ICICIGI,2025-09-30,-0.412,0.19,0.6023,3708.0,325,4,1894.0
ICICIPRULI,2024-02-29,-14.209,-12.948,1.2604,11550.0,1500,3,610.9
ICICIPRULI,2024-03-28,-4.763,-0.597,4.166,38175.0,1500,6,610.9
ICICIPRULI,2024-04-25,-5.009,-7.726,-2.7173,-24900.0,1500,3,610.9
ICICIPRULI,2024-05-30,-5.656,-10.157,-4.5016,-41250.0,1500,3,610.9
ICICIPRULI,2024-06-27,-0.638,-1.67,-1.0313,-9450.0,1500,3,610.9
ICICIPRULI,2024-07-25,3.896,14.88,-10.9838,-100650.0,1500,3,610.9
ICICIPRULI,2024-10-31,0.3,0.294,0.0059,66.0,1500,3,749.55
IDEA,2024-09-26,8.626,4.112,4.5135,18000.0,40000,3,9.97
IDFCFIRSTB,2025-02-27,0.367,0.034,0.3335,1498.0,7500,3,59.9
IEX,2023-02-23,-1.998,0.517,2.5156,13312.0,3750,3,141.12
IEX,2023-03-29,1.509,-8.836,10.3458,54750.0,3750,5,141.12
IEX,2023-04-27,8.596,7.851,0.744,3938.0,3750,3,141.12
IEX,2023-05-25,10.58,10.225,0.3543,1875.0,3750,3,141.12
IEX,2023-06-29,-7.986,-9.332,-1.3464,-7125.0,3750,3,141.12
IEX,2023-07-27,-12.273,-11.777,0.496,2625.0,3750,3,141.12
IEX,2023-08-31,-11.281,-10.714,0.5669,3000.0,3750,3,141.12
IEX,2023-09-28,-6.817,-7.1,-0.2834,-1500.0,3750,3,141.12
IEX,2023-10-26,-10.643,-12.557,-1.9133,-10125.0,3750,3,141.12
IEX,2023-11-30,0.73,1.899,-1.1692,-6188.0,3750,6,141.12
IEX,2024-01-25,0.978,-3.876,4.854,25687.0,3750,5,141.12
INDIANB,2025-01-30,-0.842,0.174,1.0165,4814.0,950,3,498.55
INDIGO,2025-08-28,-0.466,0.079,0.5446,4996.0,150,3,6116.0
INDIGO,2025-09-30,-0.45,-0.223,0.2261,1886.0,150,4,5561.0
INDUSINDBK,2025-03-27,0.515,0.0,0.5153,1725.0,500,3,669.45
INDUSTOWER,2024-04-25,-11.776,-11.411,0.3652,4930.0,3400,3,397.0
INDUSTOWER,2024-05-30,-13.375,-13.602,-0.2267,-3060.0,3400,3,397.0
INDUSTOWER,2024-06-27,-13.98,-8.476,5.5038,74290.0,3400,3,397.0
INDUSTOWER,2024-07-25,6.033,6.99,-0.9572,-12920.0,3400,3,397.0
INDUSTOWER,2024-08-29,9.118,12.355,-3.2368,-43690.0,3400,3,397.0
INDUSTOWER,2024-09-26,1.788,-0.718,2.5063,33830.0,3400,3,397.0
INFY,2024-02-29,7.605,8.159,-0.5534,-3420.0,400,3,1545.0
INFY,2024-03-28,-1.981,-3.175,-1.1942,-7380.0,400,6,1545.0
INFY,2024-04-25,-7.181,-7.081,0.1003,620.0,400,3,1545.0
INFY,2024-05-30,-4.686,-7.563,-2.877,-17780.0,400,3,1545.0
INFY,2024-06-27,-1.447,1.563,3.0097,18600.0,400,3,1545.0
INFY,2024-07-25,14.055,14.055,0.0,0.0,400,7,1545.0
INFY,2024-10-31,-1.214,13.994,15.2078,113471.0,400,3,1865.35
INFY,2025-09-30,0.304,0.0,0.3037,1760.0,400,4,1448.9
INFY,2025-10-28,-1.58,0.153,1.7332,10575.0,400,4,1525.4
INOXWIND,2025-05-29,-0.782,0.193,0.975,5994.0,3225,3,190.63
IOC,2024-01-25,-11.473,-14.132,-2.6591,-43388.0,9750,5,167.35
IOC,2024-02-29,6.364,-1.046,7.4096,120900.0,9750,3,167.35
IOC,2024-03-28,-0.986,0.239,1.225,19988.0,9750,6,167.35
IOC,2024-04-25,2.241,1.733,0.5079,8287.0,9750,3,167.35
IOC,2024-05-30,1.135,-3.376,4.5115,36806.0,4875,3,167.35
IOC,2024-06-27,-0.687,-2.181,-1.4939,-12187.0,4875,3,167.35
IOC,2024-07-25,0.49,5.653,-5.1628,-42120.0,4875,3,167.35
IOC,2024-08-29,3.681,5.719,-2.0376,-16624.0,4875,3,167.35
IOC,2024-09-26,1.339,2.241,-0.9023,-7361.0,4875,3,167.35
IOC,2024-10-31,-0.36,-14.742,-14.3811,-103072.0,4875,3,147.02
IRCTC,2025-12-30,0.361,-0.044,0.4054,2503.0,875,4,705.5
IREDA,2025-03-27,-2.805,0.223,3.0279,14931.0,2900,3,170.04
IREDA,2025-12-30,0.426,-0.044,0.4694,2283.0,3450,4,140.99
IRFC,2025-01-30,-0.511,0.229,0.7401,3576.0,3525,3,137.05
ITC,2023-02-23,-6.179,-5.284,0.8949,5840.0,1600,3,407.85
ITC,2023-03-29,-7.049,-5.958,1.0911,7120.0,1600,5,407.85
ITC,2023-05-25,4.144,8.079,-3.9353,-25680.0,1600,3,407.85
ITC,2023-06-29,9.464,9.084,0.38,2480.0,1600,3,407.85
ITC,2023-08-31,8.434,7.662,0.7723,5040.0,1600,3,407.85
ITC,2023-09-28,8.68,7.76,0.9195,6000.0,1600,3,407.85
ITC,2023-10-26,6.62,6.399,0.2207,1440.0,1600,3,407.85
ITC,2023-11-30,7.552,6.706,0.8459,5520.0,1600,6,407.85
ITC,2024-01-25,14.993,11.536,3.4572,22560.0,1600,5,407.85
ITC,2024-02-29,0.539,-0.392,0.9317,6080.0,1600,3,407.85
ITC,2024-03-28,5.124,4.99,0.1349,880.0,1600,6,407.85
ITC,2024-04-25,4.511,7.245,-2.7338,-17840.0,1600,3,407.85
ITC,2024-05-30,6.117,3.886,2.2312,14560.0,1600,3,407.85
ITC,2024-06-27,3.678,4.095,-0.4168,-2720.0,1600,3,407.85
ITC,2024-07-25,14.527,14.527,0.0,0.0,1600,3,407.85
ITC,2025-05-29,-1.682,-0.227,1.4552,10312.0,1600,3,442.9
ITC,2025-06-26,0.362,-0.048,0.41,2715.0,1600,3,413.9
JSWENERGY,2026-01-27,-0.45,-0.034,0.416,1987.0,1000,4,477.65
JSWSTEEL,2025-11-25,-0.307,-0.027,0.28,2155.0,675,4,1140.3
JUBLFOOD,2025-02-27,0.319,0.298,0.0205,173.0,1250,3,674.75
JUBLFOOD,2026-01-27,0.457,-0.133,0.5899,3632.0,1250,4,492.6
KALYANKJIL,2025-04-24,0.321,0.058,0.2636,1081.0,775,3,529.15
KALYANKJIL,2025-05-29,0.317,0.018,0.299,1317.0,775,3,568.35
KEI,2025-01-30,-0.369,0.364,0.7324,4393.0,150,3,3998.55
KEI,2025-10-28,0.32,0.034,0.2855,2061.0,175,4,4125.7
KFINTECH,2025-09-30,-1.373,0.086,1.4584,7027.0,450,4,1070.8
KFINTECH,2025-11-25,-0.385,0.057,0.4421,2119.0,450,4,1065.1
KOTAKBANK,2023-02-23,-14.19,-14.19,0.0,0.0,400,7,2087.8
KOTAKBANK,2023-04-27,-9.189,-8.859,0.3305,2760.0,400,3,2087.8
KOTAKBANK,2023-05-25,-7.261,-7.781,-0.5197,-4340.0,400,3,2087.8
KOTAKBANK,2023-06-29,-12.451,-11.665,0.7855,6560.0,400,3,2087.8
KOTAKBANK,2023-07-27,-8.995,-10.051,-1.0561,-8820.0,400,3,2087.8
KOTAKBANK,2023-08-31,-14.391,-14.716,-0.3257,-2720.0,400,3,2087.8
KOTAKBANK,2023-09-28,-14.534,-14.534,0.0,0.0,400,3,2087.8
KOTAKBANK,2023-11-30,-14.927,-14.927,0.0,0.0,400,10,2087.8
KOTAKBANK,2024-01-25,-13.5,-14.223,-0.7232,-6040.0,400,5,2087.8
LICI,2025-07-31,0.337,-0.028,0.3647,2274.0,700,3,890.8
LODHA,2025-05-29,0.34,0.247,0.0934,605.0,450,3,1439.1
LODHA,2025-06-26,0.305,0.028,0.2777,1841.0,450,3,1473.3
LODHA,2025-07-31,0.341,-0.016,0.357,1933.0,450,3,1203.2
LTF,2023-03-29,0.409,0.251,0.1578,1205.0,8924,7,85.6
LTF,2023-09-28,0.402,-0.276,0.6788,7526.0,8924,3,124.25
LTF,2024-03-28,0.387,0.063,0.3239,2240.0,4462,6,155.0
LTF,2024-10-31,0.366,-0.137,0.5021,3187.0,4462,3,142.23
LTF,2025-01-30,-0.374,0.242,0.6169,3896.0,4462,3,141.55
LTF,2025-04-24,-0.893,0.134,1.027,7848.0,4462,3,171.26
LTF,2025-05-29,-1.44,-0.017,1.4227,11064.0,4462,3,174.29
LTF,2025-07-31,0.332,0.064,0.2675,2411.0,4462,3,201.99
LTIM,2023-06-29,-14.895,-12.94,1.9558,17385.0,150,9,5926.0
LTIM,2023-07-27,-13.174,-13.174,0.0,0.0,150,10,5926.0
LTIM,2023-08-31,-13.421,-12.166,1.2555,11160.0,150,3,5926.0
LTIM,2023-09-28,-9.096,-11.115,-2.0191,-17947.0,150,3,5926.0
LTIM,2023-10-26,-12.141,-12.937,-0.7965,-7080.0,150,3,5926.0
LTIM,2023-11-30,-7.566,-6.429,1.1365,10103.0,150,6,5926.0
LTIM,2024-01-25,-4.832,-7.361,-2.5287,-22477.0,150,5,5926.0
LTIM,2024-02-29,-7.848,-10.64,-2.7928,-24825.0,150,3,5926.0
LTIM,2024-03-28,-12.768,-12.768,0.0,0.0,150,7,5926.0
LTIM,2024-06-27,-13.854,-9.564,4.2904,38138.0,150,3,5926.0
LTIM,2024-07-25,-3.399,-5.532,-2.133,-18960.0,150,3,5926.0
LTIM,2024-08-29,-2.96,3.35,6.3103,56092.0,150,3,5926.0
LTIM,2024-09-26,6.764,3.842,2.9219,25973.0,150,3,5926.0
LTIM,2025-09-30,-0.562,-0.019,0.5422,4127.0,150,4,5075.0
LT,2024-01-25,-9.814,-10.82,-1.0062,-12150.0,300,5,4024.9
LT,2024-02-29,-13.629,-13.752,-0.123,-1485.0,300,3,4024.9
LT,2024-03-28,-9.939,-6.57,3.369,40680.0,300,6,4024.9
LT,2024-04-25,-10.293,-9.44,0.8534,10305.0,300,3,4024.9
LT,2024-05-30,-9.201,-9.732,-0.5304,-3203.0,150,3,4024.9
LT,2024-06-27,-12.111,-11.44,0.6708,4050.0,150,3,4024.9
LT,2024-07-25,-9.392,-10.2,-0.8087,-4883.0,150,3,4024.9
LT,2024-08-29,-9.442,-8.605,0.8373,5055.0,150,3,4024.9
LT,2024-09-26,-5.762,-6.595,-0.8336,-5033.0,150,3,4024.9
LT,2024-10-31,0.302,-9.713,10.0156,50190.0,150,3,3340.8
LUPIN,2024-07-25,-10.853,-11.02,-0.1675,-1445.0,425,3,2029.4
LUPIN,2024-08-29,4.309,8.16,-3.8509,-33214.0,425,3,2029.4
LUPIN,2024-09-26,7.559,7.689,-0.1306,-1126.0,425,3,2029.4
MANAPPURAM,2024-10-31,0.323,0.335,-0.0115,-51.0,3000,3,148.48
MANAPPURAM,2024-12-26,0.655,-0.011,0.6657,3690.0,3000,3,184.77
MANAPPURAM,2025-01-30,0.607,-0.126,0.7327,4055.0,3000,3,184.46
MARICO,2024-07-25,-9.765,-8.913,0.8515,7560.0,1200,3,739.9
MARICO,2024-08-29,-7.738,-10.616,-2.8788,-25560.0,1200,3,739.9
MARICO,2024-09-26,-5.156,-5.994,-0.838,-7440.0,1200,3,739.9
MCX,2025-02-27,0.35,0.047,0.3026,1677.0,100,3,5541.35
MFSL,2025-02-27,0.333,0.136,0.1965,1629.0,800,3,1036.3
MOTHERSON,2023-07-27,-11.703,-8.743,2.9599,23075.0,7100,3,109.8
MOTHERSON,2023-08-31,-12.659,-12.614,0.0455,355.0,7100,3,109.8
MOTHERSON,2023-09-28,-11.794,-12.705,-0.9107,-7100.0,7100,3,109.8
MOTHERSON,2023-10-26,-14.936,-14.936,0.0,0.0,7100,6,109.8
MOTHERSON,2024-01-25,-2.186,5.146,7.3315,57155.0,7100,5,109.8
MOTHERSON,2024-02-29,4.964,8.698,-3.7341,-29110.0,7100,3,109.8
MOTHERSON,2024-03-28,6.193,6.648,-0.4554,-3550.0,7100,6,109.8
MOTHERSON,2024-04-25,14.754,14.754,0.0,0.0,7100,7,109.8
MPHASIS,2023-08-31,-12.868,-11.357,1.5107,11413.0,275,6,2747.1
MPHASIS,2023-09-28,-9.177,-13.003,-3.8259,-28902.0,275,3,2747.1
MPHASIS,2023-10-26,-14.426,-14.426,0.0,0.0,275,10,2747.1
MPHASIS,2023-11-30,-14.122,-14.139,-0.0164,-124.0,275,7,2747.1
MPHASIS,2024-01-25,-5.815,-8.305,-2.4899,-18810.0,275,5,2747.1
MPHASIS,2024-02-29,-2.468,-4.73,-2.2624,-17091.0,275,3,2747.1
MPHASIS,2024-03-28,-12.895,-12.963,-0.0673,-509.0,275,6,2747.1
MPHASIS,2024-04-25,-14.947,-14.947,0.0,0.0,275,7,2747.1
MPHASIS,2024-05-30,-10.726,-13.807,-3.0814,-23279.0,275,3,2747.1
MPHASIS,2024-06-27,-12.599,-11.201,1.3978,10560.0,275,3,2747.1
MPHASIS,2024-07-25,6.323,3.556,2.7666,20900.0,275,3,2747.1
MPHASIS,2024-08-29,9.958,13.11,-3.1524,-23815.0,275,3,2747.1
MPHASIS,2024-09-26,10.81,11.279,-0.4696,-3547.0,275,3,2747.1
NAUKRI,2023-12-28,0.366,0.047,0.3189,2395.0,150,6,5006.5
NESTLEIND,2024-10-31,0.348,0.334,0.0138,63.0,200,3,2272.05
NESTLEIND,2025-04-24,-0.475,-0.045,0.4299,2063.0,200,3,2399.4
NESTLEIND,2025-05-29,-0.424,-0.103,0.3211,1576.0,200,3,2454.0
NHPC,2025-02-27,0.311,0.148,0.1627,804.0,6400,3,77.24
NHPC,2025-03-27,-1.017,0.012,1.0288,5506.0,6400,3,83.62
NHPC,2025-12-30,0.357,-0.255,0.6118,3068.0,6400,4,78.36
NIFTY,2024-03-28,0.311,0.069,0.2419,2673.0,50,6,22096.75
NTPC,2024-01-25,-5.587,-3.765,1.8215,17850.0,3000,5,326.65
NTPC,2024-02-29,3.276,2.633,0.6429,6300.0,3000,3,326.65
NTPC,2024-04-25,5.143,9.842,-4.6992,-46050.0,3000,3,326.65
NTPC,2024-05-30,13.439,10.179,3.2604,15975.0,1500,3,326.65
NTPC,2024-06-27,11.098,11.679,-0.5817,-2850.0,1500,3,326.65
NTPC,2024-07-25,14.404,14.404,0.0,0.0,1500,3,326.65
NTPC,2024-10-31,-0.508,-0.71,-0.2024,-1226.0,1500,3,403.9
NTPC,2025-06-26,0.391,-0.208,0.5985,2986.0,1500,3,332.6
NYKAA,2025-04-24,0.317,0.334,-0.017,-96.0,2950,3,192.15
NYKAA,2025-06-26,0.427,0.15,0.2776,1667.0,2950,3,203.53
NYKAA,2025-09-30,0.369,-0.004,0.3729,2687.0,3125,4,230.62
OBEROIRLTY,2023-12-28,0.387,-0.315,0.7028,6922.0,700,6,1407.05
OBEROIRLTY,2024-01-25,-9.116,-9.116,0.0,0.0,700,5,1655.4
OBEROIRLTY,2024-03-28,-12.366,-11.269,1.0964,12705.0,700,6,1655.4
OBEROIRLTY,2024-04-25,-14.057,-10.907,3.1503,36505.0,700,3,1655.4
OBEROIRLTY,2024-05-30,9.279,9.702,-0.4229,-4900.0,700,3,1655.4
OBEROIRLTY,2024-06-27,13.975,6.34,7.6356,88480.0,700,6,1655.4
OBEROIRLTY,2024-07-25,5.349,4.349,0.9998,11585.0,700,3,1655.4
OBEROIRLTY,2024-08-29,5.225,3.966,1.2595,14595.0,700,3,1655.4
OBEROIRLTY,2024-09-26,14.58,14.598,-0.0181,-210.0,700,3,1655.4
OBEROIRLTY,2024-11-28,-0.434,0.01,0.4439,3025.0,350,3,1946.85
OBEROIRLTY,2025-03-27,0.376,0.1,0.2757,1616.0,350,3,1675.05
OBEROIRLTY,2026-01-27,-0.399,0.027,0.4262,2169.0,350,4,1453.9
OFSS,2023-12-28,0.4,0.083,0.3167,2668.0,200,6,4212.15
OFSS,2024-02-29,-3.286,-6.022,-2.7358,-44700.0,200,3,8169.5
OFSS,2024-03-28,2.876,7.349,-4.4733,-73090.0,200,6,8169.5
OFSS,2024-04-25,-7.631,-12.561,-4.9299,-80550.0,200,3,8169.5
OFSS,2024-05-30,-6.743,-9.331,-2.5877,-21140.0,100,3,8169.5
OFSS,2024-11-28,-0.301,-0.099,0.202,1208.0,50,3,11958.25
OFSS,2025-06-26,0.328,0.132,0.1953,894.0,50,3,9160.0
OIL,2025-01-30,0.344,0.227,0.1169,511.0,1075,3,406.65
OIL,2025-02-27,0.383,0.15,0.2325,947.0,1075,3,378.8
OIL,2025-06-26,0.339,0.023,0.3162,1605.0,1075,3,472.2
PAGEIND,2023-02-23,-0.808,-2.254,-1.4467,-8438.0,15,3,38885.0
PAGEIND,2023-03-29,-4.475,-2.029,2.4455,14264.0,15,5,38885.0
PAGEIND,2023-04-27,4.29,4.913,-0.623,-3634.0,15,3,38885.0
PAGEIND,2023-05-25,7.259,5.496,1.7638,10288.0,15,3,38885.0
PAGEIND,2023-06-29,-2.618,-2.497,0.1211,706.0,15,3,38885.0
PAGEIND,2023-07-27,-3.483,-4.044,-0.5604,-3269.0,15,3,38885.0
PAGEIND,2023-08-31,2.061,3.297,-1.2362,-7211.0,15,3,38885.0
PAGEIND,2023-09-28,1.451,-0.036,1.4876,8677.0,15,3,38885.0
PAGEIND,2023-10-26,-3.902,-4.824,-0.9226,-5381.0,15,3,38885.0
PAGEIND,2023-11-30,-3.505,-4.265,-0.7593,-4429.0,15,6,38885.0
PAGEIND,2024-01-25,-3.598,-5.793,-2.1956,-12806.0,15,5,38885.0
PAGEIND,2024-02-29,-7.095,-11.832,-4.7369,-27629.0,15,3,38885.0
PAGEIND,2024-03-28,-11.348,-11.706,-0.3579,-2087.0,15,6,38885.0
PAGEIND,2024-04-25,-8.647,-8.715,-0.0683,-398.0,15,3,38885.0
PAGEIND,2024-05-30,-5.308,-2.059,3.2487,18949.0,15,3,38885.0
PAGEIND,2024-06-27,3.429,3.24,0.1884,1099.0,15,3,38885.0
PAGEIND,2024-07-25,3.688,6.542,-2.8535,-16644.0,15,3,38885.0
PAGEIND,2024-08-29,8.065,7.625,0.4405,2569.0,15,3,38885.0
PAGEIND,2024-09-26,10.982,8.166,2.8164,16427.0,15,3,38885.0
PAGEIND,2025-06-26,0.352,-0.123,0.4754,3240.0,15,3,45430.0
PAGEIND,2025-10-28,0.329,0.012,0.3168,1950.0,15,4,41025.0
PATANJALI,2025-03-27,0.34,0.034,0.3059,1649.0,300,3,1796.4
PATANJALI,2025-06-26,0.359,-0.188,0.5468,2649.0,300,3,1614.9
PATANJALI,2025-09-30,0.306,-0.243,0.5487,2909.0,900,4,589.0
PATANJALI,2026-01-27,-0.332,-0.686,-0.3534,-1627.0,900,4,511.5
PERSISTENT,2024-09-26,-14.811,-14.035,0.7766,9780.0,200,6,6296.5
PERSISTENT,2025-02-27,0.336,-0.257,0.5927,3343.0,100,3,5639.8
PERSISTENT,2026-01-27,-0.447,0.113,0.5594,3443.0,100,4,6155.0
PFC,2023-12-28,0.349,0.078,0.271,4063.0,3875,6,386.9
PGEL,2025-08-28,0.351,-0.083,0.4342,1775.0,700,3,584.0
PHOENIXLTD,2025-05-29,0.319,-0.095,0.4144,2316.0,350,3,1596.9
PIIND,2025-09-30,0.353,-0.202,0.5548,3386.0,175,4,3487.6
PIIND,2025-11-25,-0.315,0.159,0.4746,2847.0,175,4,3427.4
PNBHOUSING,2025-09-30,0.324,0.046,0.2777,1560.0,650,4,864.1
PNB,2024-01-25,-14.317,-14.644,-0.3269,-3200.0,8000,5,122.37
PNB,2024-02-29,1.986,-0.588,2.5742,25200.0,8000,3,122.37
PNB,2024-03-28,0.311,1.577,-1.2667,-12400.0,8000,6,122.37
PNB,2024-04-25,8.85,11.179,-2.329,-22800.0,8000,3,122.37
PNB,2024-05-30,6.194,4.233,1.9613,19200.0,8000,3,122.37
PNB,2024-06-27,2.517,-2.713,5.23,51200.0,8000,3,122.37
PNB,2024-07-25,-3.301,-4.094,-0.7927,-7760.0,8000,3,122.37
PNB,2024-08-29,-5.083,-5.63,-0.5475,-5360.0,8000,3,122.37
PNB,2024-09-26,-8.564,-12.315,-3.7509,-36720.0,8000,3,122.37
POLICYBZR,2025-03-27,-0.393,0.173,0.5665,3088.0,325,3,1677.55
POLICYBZR,2026-01-27,-0.305,-0.245,0.0592,347.0,350,4,1673.9
POWERGRID,2024-02-29,3.548,1.819,1.7291,17280.0,3600,3,277.6
POWERGRID,2024-04-25,2.125,5.403,-3.2781,-32760.0,3600,3,277.6
POWERGRID,2024-05-30,14.841,10.393,4.4488,44460.0,3600,3,277.6
POWERGRID,2025-04-24,-0.328,0.032,0.3599,2073.0,1800,3,320.0
POWERGRID,2025-06-26,0.431,0.102,0.3284,1716.0,1800,3,290.25
PRESTIGE,2025-12-30,0.304,-0.166,0.4701,3405.0,450,4,1609.6
PRESTIGE,2026-01-27,-0.324,0.014,0.3384,2115.0,450,4,1388.8
RBLBANK,2024-01-25,-14.002,-14.002,0.0,0.0,2500,5,312.45
RBLBANK,2024-02-29,-12.45,-14.786,-2.3364,-18250.0,2500,3,312.45
RBLBANK,2024-06-27,-14.498,-14.498,0.0,0.0,2500,7,312.45
RBLBANK,2024-10-31,0.534,0.615,-0.0806,-336.0,2500,3,166.55
RBLBANK,2024-12-26,0.897,-0.148,1.0445,4048.0,2500,3,155.01
RBLBANK,2025-01-30,0.34,0.074,0.2663,998.0,2500,3,149.93
RBLBANK,2025-02-27,0.46,0.104,0.3553,1430.0,2500,3,160.98
RBLBANK,2025-05-29,0.327,-0.144,0.4711,2410.0,2500,3,204.62
RBLBANK,2025-09-30,0.789,-0.198,0.9878,8542.0,3175,4,272.35
RECLTD,2025-03-27,-0.765,-0.046,0.7188,3195.0,1000,3,444.45
RECLTD,2025-05-29,0.307,0.184,0.1236,503.0,1000,3,406.8
RECLTD,2025-10-28,-1.369,0.136,1.5043,7146.0,1275,4,372.6
SAIL,2024-01-25,-14.193,-11.098,3.0952,33200.0,8000,5,134.08
SAIL,2024-02-29,-7.331,-9.681,-2.3493,-25200.0,8000,3,134.08
SAIL,2024-03-28,-3.118,0.052,3.1697,34000.0,8000,6,134.08
SAIL,2024-04-25,11.053,13.962,-2.9087,-31200.0,8000,3,134.08
SAIL,2024-06-27,11.687,6.392,5.2953,28400.0,4000,3,134.08
SAIL,2024-07-25,7.205,6.205,0.9994,5360.0,4000,3,134.08
SAIL,2024-08-29,2.991,0.127,2.864,15360.0,4000,3,134.08
SAIL,2024-09-26,-2.625,3.826,6.4514,34600.0,4000,3,134.08
SAIL,2025-01-30,0.329,0.123,0.2054,850.0,4000,3,103.43
SAIL,2025-02-27,0.333,0.085,0.2478,1072.0,4000,3,108.21
SAIL,2025-07-31,0.39,-0.209,0.5995,3539.0,4700,3,125.59
SAIL,2025-11-25,0.679,-0.242,0.9207,5802.0,4700,4,134.08
SAMMAANCAP,2023-02-23,1.031,0.0,1.0314,4600.0,4000,3,111.5
SAMMAANCAP,2023-03-29,0.597,0.269,0.3281,1319.0,4000,7,100.5
SAMMAANCAP,2023-11-30,0.327,0.441,-0.1131,-1057.0,5100,6,183.25
SAMMAANCAP,2025-11-25,0.56,-0.204,0.7644,5223.0,4300,4,158.91
SAMMAANCAP,2026-01-27,0.461,-0.238,0.6986,4173.0,4300,4,138.91
SBICARD,2023-02-23,-13.815,-14.999,-1.1844,-8320.0,800,3,878.05
SBICARD,2023-04-27,-12.101,-10.717,1.3837,9720.0,800,3,878.05
SBICARD,2023-05-25,1.19,1.919,-0.7289,-5120.0,800,3,878.05
SBICARD,2023-06-29,-3.838,-1.856,1.9817,13920.0,800,3,878.05
SBICARD,2023-07-27,-2.209,-2.523,-0.3132,-2200.0,800,3,878.05
SBICARD,2023-08-31,-6.156,-6.833,-0.6776,-4760.0,800,3,878.05
SBICARD,2023-09-28,-10.199,-10.956,-0.7574,-5320.0,800,3,878.05
SBICARD,2023-10-26,-11.964,-11.918,0.0456,320.0,800,3,878.05
SBICARD,2024-01-25,-12.522,-13.359,-0.8371,-5880.0,800,9,878.05
SBICARD,2024-09-26,-9.373,-11.024,-1.6514,-11600.0,800,3,878.05
SBICARD,2024-12-26,0.304,-0.052,0.3553,1965.0,800,3,691.3
SBICARD,2025-08-28,-0.335,-0.261,0.0732,481.0,800,3,822.05
SBICARD,2025-09-30,-0.429,0.08,0.509,3558.0,800,4,873.85
SBICARD,2025-11-25,0.307,0.229,0.0785,551.0,800,4,878.05
SBICARD,2025-12-30,0.376,0.29,0.0854,591.0,800,4,864.6
SBILIFE,2024-08-29,-11.179,-9.014,2.1656,16425.0,375,3,2022.5
SBILIFE,2024-09-26,-5.194,-6.044,-0.8504,-6450.0,375,3,2022.5
SBIN,2023-12-28,0.369,-0.123,0.4919,4698.0,1500,6,636.75
SBIN,2024-05-30,-14.24,-14.456,-0.2159,-1575.0,750,3,972.6
SBIN,2024-06-27,-14.312,-13.315,0.9973,7275.0,750,3,972.6
SBIN,2024-07-25,-9.768,-12.904,-3.1359,-22875.0,750,3,972.6
SHREECEM,2024-11-28,0.417,0.134,0.2829,1801.0,25,3,25467.3
SHREECEM,2025-06-26,0.385,0.0,0.3851,2750.0,25,3,28565.0
SIEMENS,2023-02-23,0.956,2.666,-1.7095,-14919.0,275,3,3173.5
SIEMENS,2023-03-29,4.927,5.034,-0.1071,-935.0,275,5,3173.5
SIEMENS,2023-04-27,3.224,8.418,-5.1946,-45334.0,275,3,3173.5
SIEMENS,2023-05-25,7.014,9.819,-2.8045,-24475.0,275,3,3173.5
SIEMENS,2023-07-27,14.027,14.027,0.0,0.0,275,6,3173.5
SIEMENS,2023-10-26,7.441,7.17,0.271,2365.0,275,3,3173.5
SIEMENS,2023-11-30,14.356,14.389,-0.0331,-289.0,275,6,3173.5
SIEMENS,2025-01-30,-0.304,-0.035,0.2692,1169.0,75,3,5787.35
SIEMENS,2025-06-26,0.359,-0.095,0.4538,1052.0,75,3,3091.6
SONACOMS,2025-02-27,0.376,-0.248,0.6248,2445.0,775,3,504.95
SONACOMS,2025-03-27,-0.986,-0.193,0.7936,3087.0,775,3,501.95
SONACOMS,2025-04-24,-0.351,0.139,0.4897,1729.0,775,3,455.6
SONACOMS,2025-06-26,0.377,-0.25,0.6267,2318.0,775,3,477.35
SONACOMS,2025-07-31,0.376,0.345,0.0311,152.0,1050,3,465.55
SRF,2024-03-28,-10.09,-9.974,0.1163,1238.0,375,6,2838.4
SRF,2024-04-25,-9.574,-7.337,2.2372,23812.0,375,3,2838.4
SRF,2024-06-27,-14.475,-13.516,0.9583,10200.0,375,3,2838.4
SRF,2024-08-29,-10.626,-10.617,0.0088,94.0,375,3,2838.4
SRF,2024-09-26,-13.9,-13.402,0.4985,5306.0,375,3,2838.4
SRF,2025-03-27,0.321,-0.051,0.3718,4171.0,375,3,2991.35
SRF,2025-05-29,0.311,0.017,0.294,3188.0,375,3,2891.4
SUNPHARMA,2024-03-28,-9.448,-8.889,0.5591,6965.0,700,6,1779.7
SUNPHARMA,2024-04-25,-13.676,-14.486,-0.8091,-10080.0,700,3,1779.7
SUNPHARMA,2024-05-30,-13.342,-13.342,0.0,0.0,350,8,1779.7
SUNPHARMA,2024-06-27,-14.542,-14.769,-0.2276,-1418.0,350,9,1779.7
SUNPHARMA,2024-07-25,-10.923,-6.799,4.1243,25690.0,350,3,1779.7
SUNPHARMA,2024-08-29,-0.556,0.851,1.4075,8767.0,350,3,1779.7
SUNPHARMA,2024-09-26,4.65,6.327,-1.6772,-10447.0,350,3,1779.7
SUPREMEIND,2025-06-26,-0.457,-0.009,0.4482,2511.0,125,3,4482.0
SUPREMEIND,2025-12-30,0.33,-0.018,0.3483,1995.0,175,4,3273.1
SYNGENE,2023-02-23,-10.306,-7.286,3.0195,19000.0,1000,3,629.25
SYNGENE,2023-03-29,-8.582,-7.938,0.6436,4050.0,1000,5,629.25
SYNGENE,2023-04-27,-1.359,3.226,4.5848,28850.0,1000,3,629.25
SYNGENE,2023-05-25,11.418,12.968,-1.5495,-9750.0,1000,3,629.25
SYNGENE,2023-10-26,10.528,8.55,1.9785,12450.0,1000,3,629.25
SYNGENE,2023-12-28,0.418,0.079,0.3397,2396.0,1000,6,705.15
SYNGENE,2024-01-25,8.415,9.05,-0.6357,-4000.0,1000,5,629.25
SYNGENE,2024-03-28,11.021,11.426,-0.4052,-2550.0,1000,6,629.25
SYNGENE,2024-04-25,12.332,11.323,1.0091,6350.0,1000,3,629.25
SYNGENE,2024-05-30,6.81,7.167,-0.3576,-2250.0,1000,3,629.25
SYNGENE,2024-06-27,12.189,12.984,-0.7946,-5000.0,1000,3,629.25
SYNGENE,2024-10-31,0.402,0.029,0.3727,3247.0,1000,3,871.3
SYNGENE,2026-01-27,-0.395,-0.225,0.1707,928.0,1000,4,543.8
TATACONSUM,2025-02-27,0.354,0.159,0.1954,893.0,456,3,1002.4
TATACONSUM,2025-05-29,-0.724,0.252,0.9764,5104.0,456,3,1146.3
TATAELXSI,2025-09-30,-0.556,-0.23,0.3267,1733.0,100,4,5303.0
TATATECH,2026-01-27,0.327,-0.092,0.4191,2205.0,800,4,657.55
TCS,2023-12-28,0.447,0.034,0.413,2764.0,175,6,3824.0
TECHM,2023-07-27,-14.023,-14.023,0.0,0.0,600,7,1461.5
TECHM,2023-09-28,-11.403,-12.169,-0.7663,-6720.0,600,3,1461.5
TECHM,2024-01-25,-5.323,-9.702,-4.3791,-38400.0,600,5,1461.5
TECHM,2024-10-31,-0.896,-0.813,0.0826,844.0,600,3,1702.55
TECHM,2025-01-30,-0.602,-0.015,0.5866,5821.0,600,3,1653.9
TITAN,2024-02-29,-7.286,-7.028,0.2574,1759.0,175,3,3904.2
TITAN,2024-03-28,-4.893,-2.459,2.4346,16634.0,175,6,3904.2
TITAN,2024-04-25,-7.726,-8.509,-0.7825,-5346.0,175,3,3904.2
TITAN,2024-05-30,-12.53,-13.243,-0.7133,-4874.0,175,3,3904.2
TITAN,2024-06-27,-12.752,-13.566,-0.8145,-5565.0,175,3,3904.2
TITAN,2024-08-29,-6.857,-9.517,-2.66,-18174.0,175,3,3904.2
TITAN,2024-09-26,-2.203,-3.631,-1.4279,-9756.0,175,3,3904.2
TORNTPHARM,2024-08-29,-9.064,-6.514,2.5498,23500.0,250,3,3686.5
TORNTPHARM,2024-09-26,-6.091,-7.526,-1.435,-13225.0,250,3,3686.5
TVSMOTOR,2025-03-27,-0.538,-0.23,0.3078,2634.0,350,3,2444.7
TVSMOTOR,2026-01-27,-0.425,-0.157,0.2684,1667.0,175,4,3549.8
ULTRACEMCO,2023-12-28,-0.368,-0.044,0.3245,3235.0,100,6,9969.0
ULTRACEMCO,2024-01-25,-14.651,-14.919,-0.2673,-3135.0,100,5,11729.0
ULTRACEMCO,2024-02-29,-14.624,-14.624,0.0,0.0,100,6,11729.0
ULTRACEMCO,2024-05-30,-12.687,-14.355,-1.6685,-19570.0,100,3,11729.0
ULTRACEMCO,2024-06-27,-8.03,-0.269,7.7607,91025.0,100,3,11729.0
ULTRACEMCO,2024-07-25,-1.599,-2.489,-0.8905,-10445.0,100,3,11729.0
ULTRACEMCO,2024-08-29,-3.187,-4.258,-1.0709,-12560.0,100,3,11729.0
ULTRACEMCO,2024-09-26,1.95,2.844,-0.8935,-10480.0,100,3,11729.0
UNIONBANK,2025-04-24,0.311,0.202,0.1086,618.0,4425,3,128.64
UNITDSPR,2024-06-27,-9.176,-9.772,-0.5956,-5950.0,700,3,1427.1
UNITDSPR,2024-07-25,-8.395,0.904,9.2986,92890.0,700,3,1427.1
UNITDSPR,2024-08-29,2.015,1.359,0.6552,6545.0,700,3,1427.1
UNITDSPR,2024-09-26,14.13,14.127,0.0035,35.0,700,3,1427.1
UNITDSPR,2026-01-27,-0.578,-0.099,0.4785,2551.0,400,4,1333.0
UPL,2023-02-23,1.072,-0.939,2.0111,19630.0,1300,3,750.85
UPL,2023-03-29,-7.159,-5.78,1.3784,13455.0,1300,5,750.85
UPL,2023-04-27,-2.823,-2.957,-0.1332,-1300.0,1300,3,750.85
UPL,2023-05-25,-10.555,-10.142,0.4129,4030.0,1300,3,750.85
UPL,2023-06-29,-9.316,-9.982,-0.6659,-6500.0,1300,3,750.85
UPL,2023-07-27,-14.697,-14.697,0.0,0.0,1300,7,750.85
UPL,2023-12-28,0.404,-0.204,0.6076,4594.0,1300,6,581.65
UPL,2024-12-26,0.384,-0.1,0.4842,3331.0,1355,3,507.7
VEDL,2024-12-26,-1.775,-0.065,1.71,9305.0,1150,3,473.2
VEDL,2025-06-26,-1.601,0.11,1.7103,8848.0,1150,3,449.85
VOLTAS,2023-12-28,0.38,0.226,0.1535,873.0,600,6,947.6
VOLTAS,2024-04-25,-0.788,2.253,3.0413,25470.0,600,3,1395.8
VOLTAS,2024-05-30,1.376,-3.023,4.3989,36840.0,600,3,1395.8
VOLTAS,2024-06-27,8.271,7.505,0.7666,6420.0,600,3,1395.8
VOLTAS,2024-07-25,6.645,4.843,1.8018,15090.0,600,3,1395.8
VOLTAS,2025-03-27,-0.455,0.084,0.5398,2346.0,300,3,1449.1
VOLTAS,2025-09-30,-0.612,0.133,0.7448,3743.0,375,4,1340.2
WIPRO,2023-12-28,0.335,-0.085,0.4202,2916.0,1500,6,462.65
YESBANK,2025-06-26,0.302,-0.1,0.4014,2075.0,26000,3,19.88
ZYDUSLIFE,2024-02-29,1.953,2.072,-0.119,-990.0,900,3,924.3
ZYDUSLIFE,2024-03-28,8.374,9.142,-0.7681,-6390.0,900,6,924.3
ZYDUSLIFE,2024-04-25,3.619,2.894,0.7249,6030.0,900,3,924.3
ZYDUSLIFE,2024-05-30,14.811,10.814,3.9976,33255.0,900,3,924.3
ZYDUSLIFE,2024-09-26,14.265,14.936,-0.6708,-5580.0,900,3,924.3
ZYDUSLIFE,2025-03-27,0.309,0.017,0.2917,2425.0,900,3,923.7
