FH_TIMESTAMP,Price_A,Price_B,Ratio,Mean,Std,Z
2023-04-17,904.7,42343.65,0.021365659313734173,0.02125845588268065,0.0002555686981129408,0.41947011447445576
2023-04-18,899.95,42335.5,0.02125757343128108,0.021260198860606507,0.00025537179282804053,-0.010280811738657499
2023-04-19,894.15,42178.4,0.021199239421125504,0.021265837537583484,0.00025196024171388157,-0.2643199419280068
2023-04-20,896.2,42276.45,0.021198563266310207,0.021269694493223874,0.0002499401119022442,-0.2845930826080754
2023-04-21,887.95,42145.95,0.021068453789747296,0.021269754750670642,0.00024988968426378473,-0.8055593071655235
2023-04-24,905.25,42652.35,0.021223918494526095,0.021278080820671168,0.00024378706235445003,-0.22217063375711188
2023-04-25,912.85,42696.8,0.02137982237544734,0.021292086127572937,0.00023683319500378204,0.3704558724253242
2023-04-26,913.65,42823.15,0.02133542254598272,0.02131078373234636,0.00021576629632575895,0.11419213313631246
2023-04-27,916.0,43003.1,0.021300789943050617,0.02132795406407684,0.0001916911193879021,-0.14170776983807312
2023-04-28,923.0,43217.4,0.02135713855993188,0.021342475945797332,0.000175668654086819,0.08346744734152077
2023-05-02,928.2,43367.25,0.021403247842554003,0.02135399321855186,0.0001674924757747928,0.29407066660337927
2023-05-03,926.2,43311.6,0.021384571338856104,0.021361703507389477,0.0001632025362158192,0.14011933880970498
2023-05-04,924.8,43657.8,0.02118292722033634,0.02136726820428733,0.00015356999684936883,-1.2003710863639696
2023-05-05,931.95,42712.2,0.021819292848413337,0.02139117957702396,0.00016616458139840617,2.5764411873244333
2023-05-08,943.1,43315.95,0.021772580308177476,0.021409696404695543,0.0001767110897965358,2.0535434640788846
2023-05-09,939.2,43202.2,0.021739633629768856,0.021423183813423327,0.00018601083398210111,1.701244005905482
2023-05-10,940.2,43314.95,0.021706131485780315,0.02143143819549336,0.00019299535337335063,1.423315564264171
2023-05-11,943.4,43461.75,0.021706443021737503,0.021436457255336883,0.00019822986767414007,1.3619832852052154
2023-05-12,947.75,43757.15,0.02165931739155772,0.021437592438467632,0.00019944216349831602,1.1117255709671499
2023-05-15,947.65,43999.8,0.02153759789817226,0.0214391053692036,0.00020004201874277848,0.49235920326971183
2023-05-16,947.0,43903.15,0.021570206238048978,0.02143905456300201,0.0002000073639856718,0.6557342311474326
2023-05-17,939.6,43721.15,0.02149074303855228,0.021442636709209113,0.00019993630166297623,0.24060827845189003
2023-05-18,947.5,43775.45,0.021644551912087712,0.021442901110034603,0.00020020673758735762,1.0072128664756919
2023-05-19,953.85,43967.15,0.021694606086589647,0.021444754469159822,0.00020233080493568982,1.2348669176166198
2023-05-22,949.9,43922.85,0.021626556564521657,0.021446469069578793,0.00020368703988611332,0.884138210479935
2023-05-23,952.65,43981.5,0.021660243511476416,0.021456383042843283,0.00020669137054946742,0.986303724684735
2023-05-24,941.5,43719.2,0.021535160753170232,0.02146429141394106,0.0002049503042453964,0.3457879191255974
2023-05-25,938.55,43692.35,0.021480877087178878,0.021469619518264964,0.00020316758107085775,0.05541026208303818
2023-05-26,955.95,44068.3,0.021692463743779544,0.021478085699592853,0.00020707939513332785,1.0352456556513656
2023-05-29,955.4,44368.3,0.02153339208398789,0.0214842375048628,0.00020584500937723748,0.23879412609420475
2023-05-30,955.2,44466.35,0.021481412348888545,0.02148809593936795,0.00020462694713079116,-0.03266231829737164
2023-05-31,955.95,44241.65,0.021607467171771397,0.021499759064050956,0.00020097361701440012,0.535931578087308
2023-06-01,942.6,43948.25,0.021447952990164568,0.02150804951635226,0.0001931259471902981,-0.3111778974395223
2023-06-02,944.7,44110.6,0.021416620948252803,0.021515318105750348,0.0001850092062211506,-0.5334716012973267
2023-06-05,953.7,44286.15,0.021534949414207378,0.021530867959899017,0.00016463832017636184,0.024790427307501726
2023-06-06,947.6,44309.05,0.021386150233417327,0.021536275684528726,0.00015668059527537334,-0.9581623738890372
2023-06-07,945.35,44394.4,0.021294352440848395,0.02153342668670876,0.0001603574857012604,-1.4908829782087716
2023-06-08,942.9,44147.4,0.021357996167384714,0.021534179140755495,0.00015944671741577798,-1.1049645688933207
2023-06-09,943.2,44117.95,0.021379053197168048,0.021536787915892742,0.00015610162303187784,-1.0104617470407893
2023-06-12,941.35,44097.55,0.02134699093260283,0.021536449661648437,0.00015651477356436102,-1.2104846381654644
2023-06-13,947.3,44216.65,0.021424056322674828,0.02153714327765247,0.00015594920270593985,-0.7251525048889087
2023-06-14,944.9,44144.2,0.02140485046733206,0.021537819248601663,0.00015530769725430332,-0.85616349749798
2023-06-15,931.1,43570.05,0.021370184335340447,0.021544061152435134,0.00014389630072171393,-1.2083480688704664
2023-06-16,938.0,44042.6,0.021297561905972855,0.021526670121020452,0.0001409835119126951,-1.6250709883682932
2023-06-19,927.45,43788.1,0.021180412029752377,0.021506931178406283,0.0001467049864302071,-2.225685415330058
2023-06-20,928.7,43864.75,0.021171897708296528,0.021488006647690537,0.000152168361567325,-2.0773631005690434
2023-06-21,928.3,43940.05,0.02112651214552555,0.021468686003015377,0.00016010797093861796,-2.137144425001858
2023-06-22,928.9,43774.0,0.021220359117284232,0.02145248320620027,0.00015981284656302287,-1.452474528225732
2023-06-23,925.45,43671.65,0.02119109307754573,0.021436875729066537,0.00016176833698990176,-1.519349559340211
2023-06-26,927.1,43686.95,0.021221440269920424,0.021426337141458144,0.00016524135718090337,-1.2399854070031782
2023-08-09,976.5,45030.45,0.021685326262562334,0.021445548780639027,0.00026811555801741714,0.8943064837279253
2023-08-10,968.8,44771.45,0.021638789898473246,0.021461194720378062,0.000265124512320852,0.6698557464209836
2023-08-11,958.0,44464.35,0.02154535037620026,0.02148030988226609,0.00024880029299466144,0.2614164684105327
2023-08-14,961.2,44234.05,0.02172986647164345,0.021507256965052814,0.0002291904952822192,0.9712859441074141
2023-08-16,957.8,44074.4,0.021731435935599803,0.02153406627299222,0.00020472840977179028,0.9640560527363529
2023-08-17,953.8,44047.4,0.021653945522323678,0.02154549933801969,0.0002013889904567236,0.5384911263423352
2023-08-18,953.05,43964.7,0.021677618634950314,0.02155945087079535,0.00019526676207873956,0.6051606678832202
2023-08-21,956.8,44114.3,0.02168911214730824,0.021577921716896896,0.0001792850982354055,0.6201877986833405
2023-08-22,953.0,44088.05,0.021615834676289834,0.021592215209072042,0.0001634396564878045,0.14451490981660067
2023-08-23,966.35,44519.45,0.021706243001654336,0.02161040836421232,0.00014279393229847987,0.6711394237795324
2023-08-24,970.55,44559.1,0.021781184988027138,0.02163054747998733,0.00012041271163157571,1.251010013799118
2023-08-25,969.05,44222.85,0.021912879879971554,0.021647021838993086,0.0001241725637701664,2.1410368998303855
2023-08-28,970.55,44486.65,0.02181665735675759,0.021658881368783578,0.00012276284049978352,1.2852096557206067
2023-08-29,968.45,44500.5,0.021762676823855912,0.02167254907826972,0.00010961368841629783,0.8222307531874986
2023-08-30,959.15,44232.2,0.021684428990644825,0.02167826927630421,0.00010538709730595191,0.05844846758359921
2023-08-31,959.7,43944.3,0.02183900983745332,0.021694438139387977,8.999892940170612e-05,1.6063713093747538
2023-09-01,972.05,44601.5,0.021794110063562883,0.02170171757994487,8.889102692384033e-05,1.039390440355397
2023-09-04,971.5,44781.5,0.021694226410459677,0.021702497252941086,8.871322412867962e-05,-0.09323122412293107
2023-09-05,974.15,44766.05,0.021760910332718653,0.021707584781948352,8.749198926648097e-05,0.609490665572629
2023-09-06,962.05,44644.05,0.021549344201522932,0.02170358282000496,9.1931827027072e-05,-1.6777499530886832
2023-09-07,969.0,45045.15,0.021511749877622784,0.021700543567802426,9.675486714669901e-05,-1.9512578100427198
2023-09-08,972.45,45319.65,0.02145757965915447,0.021691191079794628,0.00010610282065828354,-2.2017456198693246
2023-09-11,981.3,45697.85,0.021473657951085225,0.021681355698436093,0.00011217050277958678,-1.8516253578624957
2023-09-12,993.15,45627.95,0.021766263879924478,0.021682388922768938,0.00011282506404496695,0.7434071309023255
2023-09-13,993.3,46001.85,0.021592609862429446,0.021678102855565148,0.00011373878972606308,-0.7516608304133472
2023-09-14,991.15,46113.65,0.021493635832340315,0.021666481473122598,0.00011419613996035834,-1.5135856679769017
2023-09-15,995.65,46288.05,0.021509871338282773,0.021664144417527797,0.00011671700046810047,-1.3217704244137727
2023-09-18,993.05,46072.45,0.021554095777411447,0.02166434351899438,0.00011651718395020119,-0.9461929806856133
2023-09-20,988.9,45557.45,0.021706658296283047,0.021667179677687862,0.00011647573752353355,0.33894285140034425
2023-09-21,961.8,44759.25,0.02148829571541078,0.02166077900006416,0.00012092020354470087,-1.4264223810177097
2023-09-22,951.15,44677.6,0.021289191899296293,0.021647574521288623,0.00013849845395656155,-2.5876290438933895
2023-09-25,955.8,44812.65,0.021328798899417908,0.02163724148798678,0.00015024238013691145,-2.0529666016193207
2023-09-26,947.65,44667.3,0.021215743955869282,0.02162625460730908,0.00016817532493901182,-2.440968385752592
2023-09-27,942.25,44605.25,0.021124195021886435,0.021606065558983846,0.0001902181811125724,-2.5332517337669014
2023-09-28,942.6,44310.85,0.021272442302506047,0.021590765771214052,0.00019808305268798128,-1.6070202088889738
2023-09-29,956.35,44847.85,0.02132432212469494,0.02157977832462643,0.00020352486872091913,-1.255159634972079
2023-10-03,945.9,44621.45,0.021198325020813983,0.021563801870821887,0.00021411608822192026,-1.7069098031956687
2023-10-04,935.6,44214.15,0.02116064653510245,0.02154618635041503,0.0002249174285559263,-1.7141393523299735
2023-10-05,943.0,44411.7,0.021233143518487246,0.021533429978488273,0.0002315845578021643,-1.2966601178026422
2023-10-06,947.15,44510.2,0.02127939213932986,0.02151920161641079,0.00023370393214393304,-1.026125127125521
2023-10-09,939.9,44010.45,0.02135629151712832,0.021505038500714165,0.00023012701943478706,-0.6463690528438709
2023-10-10,954.8,44530.3,0.021441580227395726,0.02148932851229497,0.0002170398943844741,-0.2199977337560803
2023-10-11,956.5,44685.55,0.021405129846225456,0.021475610928610566,0.00020847419725933392,-0.33808060331530665
2023-10-12,956.45,44747.95,0.021374163509166343,0.02146266048478758,0.0002019932200643773,-0.4381185447364624
2023-10-13,953.75,44394.05,0.02148373486987558,0.021455970680761934,0.00019767238856135106,0.14045557559004934
2023-10-16,953.8,44343.05,0.021509571398449133,0.021444989399461798,0.00018436220047868105,0.3502995669375453
2023-10-17,955.0,44493.7,0.0214637128402448,0.021433976158684528,0.00017225880618645869,0.1726279324616036
2023-10-18,946.25,44053.4,0.021479613378309052,0.021426822390946173,0.0001653978550746067,0.3191757676607522
2023-10-19,937.0,43845.15,0.021370664714341268,0.021413814203666927,0.00015310573393509033,-0.2818280427299508
2023-10-20,933.4,43738.75,0.02134034466005544,0.02140684755228468,0.00015147242536417473,-0.43904289555904064
2023-10-23,928.6,43141.6,0.021524468262651364,0.021407271498452295,0.0001517936116347695,0.7720796872601966
2023-10-25,914.3,42811.55,0.02135638630229459,0.02140389838655697,0.0001517614701794383,-0.31307079594184517
2023-10-26,907.8,42270.35,0.021476046448633615,0.021403978003141914,0.00015179995081480478,0.47475934679072307
2023-10-27,919.1,43043.4,0.02135286710622302,0.0213901981106852,0.0001356870424451861,-0.27512578791198455
2023-10-30,928.35,43295.7,0.021442083162993095,0.02138518055403732,0.00013063300743389688,0.43559135683659184
2023-10-31,921.35,43076.85,0.021388518426950904,0.02138167664052434,0.00012902348997735055,0.05302744816284452
2023-11-01,918.15,42928.1,0.021388088454881535,0.021377617211077633,0.00012674677848305198,0.08261546312439276
2023-11-02,925.65,43320.55,0.021367457246041426,0.02137139592669863,0.00012228782313893096,-0.03220828170870254
2023-11-03,936.65,43509.1,0.021527680416280733,0.02136542999736522,0.00010901301010523905,1.4883583047461872
2023-11-06,948.65,43839.8,0.02163901295170142,0.021370453905241574,0.0001179751162418275,2.276404169073678
2023-11-07,950.4,43926.85,0.021635969799792154,0.02138201316859144,0.00012642462564145749,2.008759210574516
2023-11-08,939.8,43836.2,0.021438902094615866,0.021385683275098037,0.0001264246939672049,0.4209527256726799
2023-11-09,941.75,43916.6,0.021444055323044133,0.021393293654003866,0.0001226578197803949,0.41384780139701305
2023-11-10,941.9,43952.4,0.021430001547128257,0.021403487204845258,0.00011174469409490973,0.2372760738015808
2023-11-12,943.65,44051.9,0.0214213234843446,0.021408449910906548,0.00010899635172419409,0.1181101315265075
2023-11-13,937.95,44013.7,0.021310410167743227,0.02140798617900815,0.00010939548490254087,-0.8919564765570613
2023-11-15,944.9,44387.25,0.02128764453756428,0.021410963496233164,0.00010460305399859097,-1.1789231189229497
2023-11-16,939.35,44293.9,0.021207209119088632,0.021412515582366034,0.00010104576708089965,-2.0318165640034
2023-11-17,925.05,43715.45,0.021160710915706003,0.021410101162273328,0.00010621278811637557,-2.3480246681225574
2023-11-20,924.4,43742.15,0.021132934709427863,0.02140521924794326,0.00011539660780624935,-2.3595540951477685
2023-11-21,927.8,43791.85,0.02118659065556719,0.02139956255255789,0.00012185626470441363,-1.7477303896299878
2023-11-22,924.6,43587.95,0.0212122845878276,0.021391919364572284,0.00012624204032004953,-1.4229394288089197
2023-11-23,925.85,43690.15,0.02119127537900419,0.021384790882331577,0.00013140271921927447,-1.4726902493125855
2023-11-24,929.1,43805.55,0.021209641244088934,0.021379306806828997,0.00013523871182684712,-1.254563582040722
2023-11-28,927.1,43984.3,0.021077975550366834,0.021365781496178706,0.00014441356453683156,-1.9929287580078339
2023-11-29,940.5,44662.65,0.021057863785512054,0.021350724575747472,0.00015224067900869906,-1.923669758584587
2023-11-30,933.8,44459.95,0.02100317251818772,0.0213353732316789,0.00016327422224741232,-2.034618257055856
2023-12-01,952.75,45071.2,0.021138775981114327,0.021324011985105744,0.00016474312284146822,-1.1243929385123328
2023-12-04,996.0,46659.55,0.021346112425001954,0.0213231935754611,0.00016456425824408003,0.13926991064403288
2023-12-05,1016.55,47152.4,0.021558817790822946,0.021330476013153347,0.00017009065046080137,1.3424710708730099
2023-12-06,1006.4,46926.2,0.02144644143357016,0.021327875118850644,0.0001676003146017036,0.707434917418166
2023-12-07,1003.5,47047.15,0.021329666090294522,0.021326984445117308,0.00016751455100867197,0.01600843127398418
2023-12-08,1015.9,47499.8,0.021387458473509362,0.021324031512613164,0.0001655657648370165,0.3830922471118078
2023-12-11,1020.3,47491.85,0.02148368614825491,0.02132839214734756,0.00016805544130972419,0.9240641046614245
2023-12-12,1020.7,47308.45,0.02157542680007483,0.021332836935250288,0.00017286072704536754,1.4033833420177342
2023-12-13,1019.55,47396.25,0.021511195505973572,0.021336926171217706,0.0001756518689981217,0.9921291230765674
2023-12-14,1039.1,48029.6,0.02163457534520379,0.021345142400895117,0.000183707606134182,1.5755087685224485
2023-12-15,1039.55,48271.45,0.02153550390551765,0.021350743956210994,0.0001869449743368671,0.9883119348997712
2023-12-18,1022.9,47947.35,0.02133381719740507,0.021344281848915136,0.00018394447426864867,-0.05689027382677908
2023-12-19,1019.5,48009.8,0.021235247803573436,0.021330823010644203,0.0001762462334223098,-0.5422822673421689
2023-12-20,1009.45,47480.55,0.02126028447437951,0.021318300166463782,0.0001669168471953091,-0.34757241739888195
2023-12-21,1009.15,48105.0,0.020978068807816237,0.02130293905690379,0.00017637239444804676,-1.8419563339502638
2023-12-22,996.95,47575.6,0.02095506940532542,0.02128663952631317,0.00018525273297555168,-1.7898257999330518
2023-12-26,996.1,47825.45,0.02082782284327696,0.02126656690285146,0.00020112712144257597,-2.18142663419844
2023-12-27,1003.6,48359.95,0.020752709628525257,0.021244279774324148,0.00021958500563847784,-2.2386325713341546
2023-12-28,1004.5,48506.6,0.020708522139255277,0.021224216840041218,0.0002398920045077658,-2.1496952424241638
2023-12-29,1005.3,48628.8,0.020672934557299377,0.021203726507365718,0.0002597207061861592,-2.0437028601250096
2024-01-01,1007.25,48535.7,0.02075276549014437,0.02118857838640091,0.00027245121390805804,-1.5995997595503915
2024-01-02,988.9,47946.65,0.020625007169426852,0.02117072159485827,0.0002912476269189715,-1.873712864905995
2024-01-03,989.95,47931.95,0.020653238601809443,0.021154731724604324,0.00030617893946886847,-1.6379086153503095
2024-01-04,994.35,48501.75,0.020501322117243193,0.02113188943999352,0.0003284706868135227,-1.919706531098497
2024-01-05,998.8,48388.45,0.020641289398606485,0.02111285626701949,0.0003399925932959268,-1.3869915924978882
2024-01-08,986.75,47621.85,0.02072053059677438,0.021097164774278494,0.0003470385612809296,-1.0852804832810075
2024-01-09,982.65,47391.5,0.020734730911661375,0.02108133442986424,0.00035251933093703394,-0.983218472818378
2024-01-10,995.4,47606.85,0.02090875577779248,0.02107569377077843,0.00035392596536740754,-0.4716748962248431
2024-01-11,992.6,47573.7,0.02086446923405159,0.021069247285729748,0.0003560170114752207,-0.5751917607240808
2024-01-12,1004.8,47840.15,0.021003278626843768,0.021069250822684953,0.0003560163329267089,-0.18530665517181713
2024-01-15,1010.75,48306.25,0.02092379350498124,0.02106208474014718,0.0003567315590506079,-0.38766190334823236
2024-01-16,1009.25,48224.95,0.020927963637079976,0.021048146447216445,0.00035340477992234945,-0.34007126378674046
2024-01-17,980.95,46159.25,0.0212514284785823,0.021037900136808427,0.0003423721494309454,0.6236732226285877
2024-01-18,986.35,45869.25,0.021503512701864538,0.021039802512418236,0.0003448699140586876,1.3445944993838763
2024-01-19,998.25,45797.2,0.02179718410732534,0.021055386446319265,0.0003681942275911741,2.0146911749788026
2024-01-20,1010.1,46136.05,0.021893941939112687,0.02107226922850604,0.0003946100353921343,2.0822397732235265
2024-01-23,1024.95,44913.05,0.022820761449066584,0.02111683840519977,0.0005032365639333411,3.3859285393509646
2024-01-24,1001.3,45152.85,0.022175787353400728,0.021136850423643962,0.000533150016787639,1.9486765395162469
2024-01-25,1009.75,44773.5,0.022552402648888293,0.021171557328407788,0.0005892934418086066,2.343221937516458
2024-01-29,1021.05,45735.05,0.022325328167346486,0.02119458242247921,0.0006206679625515265,1.82182070461451
2024-01-30,1021.3,45671.25,0.02236198921641076,0.021222131932842312,0.0006537814348394461,1.7434837130980487
2024-01-31,1033.8,46324.25,0.022316605233759855,0.02125489153405414,0.0006835172029627638,1.5533094048015572
2024-02-01,1028.4,46437.15,0.02214606193532549,0.021285252005112543,0.0007025771106900907,1.2252177264463313
2024-02-02,1029.6,46236.65,0.0222680492639497,0.02131884416476488,0.0007250740123027419,1.3091147704635948
2024-02-05,1026.45,46040.4,0.02229455000390961,0.021362726871301328,0.0007433461313508925,1.2535521385103143
2024-02-06,1030.25,45971.0,0.022410867720954516,0.0214112534818223,0.0007630725172779425,1.309985901075397
2024-02-07,1028.0,46131.9,0.02228392934173533,0.02145979036510424,0.0007709512106626,1.0689897949868636
2024-02-08,991.65,45212.45,0.02193311797967153,0.02149913731014245,0.00076370778189308,0.5682548742050612
2024-02-09,1012.05,45899.55,0.02204923577682134,0.021543827764727987,0.0007550258406235815,0.6693916749603335
2024-02-12,997.25,45090.85,0.022116460434877586,0.021591945293980598,0.000743520305077349,0.7054483076187442
2024-02-13,1023.4,45732.5,0.022377958782047777,0.02164611840371071,0.0007394640082059692,0.9896903300440577
2024-02-14,1025.6,46089.95,0.0222521395662178,0.021700356150270408,0.000721438817765763,0.7648374364665036
2024-02-15,1018.1,46385.05,0.021948882236841397,0.02174354427143814,0.0006948852226412451,0.29549911080677704
2024-02-16,1024.6,46503.4,0.022032797601895773,0.02179459345425989,0.0006556247282242632,0.36332392202632313
2024-02-19,1042.15,46638.9,0.02234508103750303,0.021851386508889774,0.0006253725109583306,0.7894407252674275
2024-02-20,1049.55,47188.0,0.022241883529710942,0.021902098273320996,0.0005912620891571404,0.5746779010883633
2024-02-21,1052.7,47024.85,0.02238603631909512,0.02195714178690212,0.0005545638456331176,0.7733907206001742
2024-02-22,1061.0,46980.3,0.02258393411706609,0.022012981064877906,0.0005291145941889434,1.0790725836307204
2024-02-23,1062.55,46842.65,0.0226833878954329,0.022073611686923948,0.0004961572707680572,1.2289978287832242
2024-02-26,1053.95,46607.7,0.022613216271131168,0.022127276275066863,0.0004623087746310322,1.0511156671255764
2024-02-27,1057.15,46587.2,0.022691855273551536,0.02218621166735254,0.00041374362975179384,1.2221181665137286
2024-02-28,1046.25,45852.25,0.022817855176136395,0.022249208051987754,0.00035530749314362497,1.6004366221423274
2024-02-29,1052.3,46085.65,0.0228335718385224,0.022301946163985755,0.0003175084430064317,1.674367048330356
2024-03-01,1090.2,47578.0,0.022913951826474422,0.022348960801472754,0.00029909520934685597,1.8890005835782446
2024-03-02,1090.85,47659.8,0.02288826222518768,0.022385330072068166,0.00029600717450999607,1.6990539298652398
2024-03-04,1094.8,47691.25,0.02295599297565067,0.022420731773286098,0.00029870886600803315,1.7919160201631812
2024-03-05,1094.4,47909.05,0.022843283262765596,0.022421482500409394,0.00029977530230802926,1.4070564156175478
2024-03-06,1100.75,48117.45,0.022876316180512477,0.02244483346131312,0.000307169574327349,1.4047052679101864
2024-03-07,1090.75,47958.3,0.022743716937422716,0.02245121060426427,0.0003114361304970386,0.939217722399836
2024-03-11,1083.6,47489.85,0.022817507319985216,0.0224676165760189,0.00031748112388837015,1.1020836126602067
2024-03-12,1082.3,47527.25,0.02277219910682819,0.022481290239032812,0.00032158218576857365,0.9046174840192454
2024-03-13,1086.3,47081.35,0.023072830324534024,0.022506497742058613,0.00033747408275641537,1.6781513349106063
2024-03-14,1086.6,46996.15,0.02312104289393918,0.022538997107345738,0.0003483378982836166,1.6709229442486373
2024-03-15,1080.75,46694.7,0.02314502502425329,0.022568229632689188,0.0003613700146010635,1.5961351751911643
2024-03-18,1084.15,46741.6,0.023194541906995058,0.022598229362792037,0.00037496792265933823,1.59030281836875
2024-03-19,1084.55,46449.05,0.02334923965075712,0.02262950842711879,0.0003972746821620993,1.8116715108078727
2024-03-20,1086.6,46449.05,0.02339337403025465,0.0226664899167361,0.0004152284314269406,1.7505644086571768
2024-03-21,1084.15,46794.65,0.023168246797443726,0.02270766087732851,0.00040099440993066185,1.1486093289800687
2024-03-22,1090.15,46929.0,0.02322977263525752,0.022747012105943046,0.0003919764457235142,1.23160596658656
2024-03-26,1083.6,46717.55,0.023194709482838888,0.02278295374087509,0.0003814583623414952,1.079425128961207
2024-03-27,1086.8,46761.15,0.023241515659901433,0.022811738970136882,0.0003824244084874968,1.1238212839612778
2024-03-28,1095.15,47545.15,0.023033895150188822,0.02283779748960258,0.00036939068656788277,0.5308679068447613
2024-04-01,1106.6,47913.7,0.02309569079407351,0.02287602444151032,0.0003316382810722621,0.6623672992543546
2024-04-02,1087.25,47892.9,0.022701694823241022,0.02289832101555516,0.00029325637430470034,-0.6704924753309518
2024-04-03,1083.4,47912.3,0.022612147611364933,0.02290722323468389,0.00027961938353633935,-1.0552759954876652
2024-04-04,1081.6,48199.1,0.022440253033770338,0.022913835551485868,0.00026532319610508376,-1.7849269293739531
2024-04-05,1086.9,48658.1,0.022337493654704974,0.022912217462672864,0.00026877852434233296,-2.1382802416010214
2024-04-08,1088.2,48691.15,0.02234903057331774,0.02290438734454792,0.0002817791476906518,-1.9708937860791342
2024-04-09,1107.75,48799.85,0.022699864856141977,0.02290493657657156,0.0002813492611785019,-0.7288866498905573
2024-04-10,1110.1,49019.05,0.02264629771486799,0.02290603929136278,0.00028022907138223454,-0.9268901874227774
2024-04-12,1108.0,48714.1,0.02274495474616179,0.022907809273783122,0.00027899456755732884,-0.5837193499757609
2024-04-15,1081.75,47851.15,0.02260656222473232,0.02290076617540299,0.00028396642473357754,-1.036051888693172
2024-04-16,1070.5,47660.95,0.02246073567564222,0.022888338303306985,0.00029495465359067214,-1.449723279355947
2024-04-18,1057.75,47175.05,0.022421809833799856,0.02287193357021783,0.0003069240322063788,-1.4665640001604834
2024-04-19,1066.45,47575.6,0.02241590226923045,0.02285618823835259,0.0003179746760177708,-1.38465734012584
2024-04-22,1085.1,47989.1,0.02261138466860183,0.022844701294784293,0.00032045970477064255,-0.7280685300183131
2024-04-23,1088.05,47991.65,0.02267165225617373,0.022838980261231233,0.00032201415160970995,-0.5196293523779989
2024-04-24,1095.5,48190.95,0.022732484003739294,0.022834185855338793,0.0003225094595472378,-0.3153453289161654
2024-04-25,1110.8,48632.4,0.022840739918243803,0.022837419954699494,0.00032205711327380824,0.010308617346035404
2024-04-26,1117.55,48379.85,0.02309949286738177,0.022846819472946044,0.00032555194046842627,0.7761384990430771
2024-04-29,1166.2,49549.75,0.023535941150056257,0.02287227754105365,0.0003485642968545958,1.903991932023536
2024-04-30,1157.75,49450.55,0.02341227751764136,0.02288359244749056,0.00036060068395201306,1.4661233150105564
2024-05-02,1149.95,49388.35,0.023283831105918706,0.022889018721223214,0.00036548869884487083,1.0802314433888076
2024-05-03,1150.8,49094.75,0.023440388228883943,0.022898864161377572,0.0003764369620968333,1.4385517949405573
2024-05-06,1154.1,49045.65,0.023531138847176048,0.0229100840593836,0.00039031411630661614,1.591166606192053
2024-05-07,1137.65,48349.05,0.023529934921161844,0.022916107235063758,0.0003986302958499267,1.5398420353107696
2024-05-08,1129.25,48175.9,0.023440143308168605,0.022917666210994225,0.0004006475177224391,1.3040817029006082
2024-05-09,1122.9,47669.2,0.023556090725248172,0.022930594341921035,0.00041501207723492546,1.507176339287743
2024-05-10,1121.05,47607.25,0.02354788398825809,0.022941198053687724,0.0004268158529861615,1.4214231508173036
2024-05-13,1132.55,48003.7,0.023592973041661372,0.022954473505648477,0.00044093305692328744,1.4480645666899483
2024-05-14,1123.75,48091.65,0.023366842268876198,0.022958651059280966,0.00044432700368398856,0.9186729733076124
2024-05-15,1129.05,47908.55,0.02356677461538702,0.022976413708120903,0.00045788326080891404,1.2893262492783943
2024-05-16,1133.2,48092.35,0.02356299910484724,0.02299199065181336,0.00046987274522732443,1.2152406344777993
2024-05-17,1131.1,48195.1,0.023469190851352108,0.023017573852750398,0.0004743941639812331,0.9519868347696959
2024-05-18,1132.7,48288.1,0.02345712504737192,0.023045739767283968,0.0004745771299184729,0.8668459859383121
2024-05-21,1125.65,48153.1,0.02337648043428149,0.023076947347301,0.000464054022116678,0.6454702959242485
2024-05-22,1114.4,47974.1,0.02322920075624139,0.02310667091735222,0.00044314403925849335,0.2765011554577087
2024-05-23,1135.85,48838.65,0.02325719486513243,0.023136943060412706,0.00042001925386746307,0.28630069600968483
2024-05-24,1133.05,49045.15,0.023102182376850716,0.023150353644436333,0.00041192754093824865,-0.11694111900334861
2024-05-27,1133.8,49297.5,0.0229991378873168,0.02316211498351796,0.00040195593439554034,-0.40546010707926
2024-05-28,1130.9,49182.8,0.022993810844441555,0.02317041018679395,0.0003955671585316564,-0.44644591580335424
2024-05-29,1106.45,48491.35,0.022817471569671705,0.023177440498291933,0.0003869815247794311,-0.9301966775426823
2024-05-30,1114.1,49037.4,0.02271939376883766,0.02318606243473178,0.000373095032038062,-1.2508037519151676
2024-05-31,1129.2,49352.35,0.02288036942516415,0.023201347754443925,0.0003493419495190432,-0.9188084331746598
2024-06-03,1167.0,51283.05,0.022756056825793316,0.023212686239662682,0.00032782757750461573,-1.392895061926072
2024-06-04,1072.35,47088.55,0.022773052047684626,0.02321807515229878,0.0003188070505330423,-1.3959010751803609
2024-06-05,1111.1,49117.65,0.022621196250227765,0.02321639328543391,0.0003219071246793802,-1.8489713012688445
2024-06-06,1113.95,49435.75,0.022533288156850052,0.023209753423870938,0.0003340577846772739,-2.024994770513743
2024-06-07,1124.6,49908.95,0.02253303265246013,0.02319949651501148,0.0003501166018256479,-1.9035483009835679
2024-06-10,1122.6,49732.2,0.022572900454836103,0.023181943434593292,0.0003680445056233851,-1.6548079660246702
2024-06-11,1119.7,49768.75,0.022498053497425594,0.023147347179505603,0.0003821324027219202,-1.6991327546554689
2024-06-12,1118.7,49914.95,0.022412123021259164,0.023114008696292866,0.00040136632455030157,-1.7487408188021452
2024-06-13,1108.9,49912.65,0.022216812771912533,0.023078441418492655,0.00043191325783108593,-1.9949113183209835
2024-06-14,1103.35,50042.4,0.022048303039022905,0.023032038578830624,0.00046518463845796596,-2.114720604422128
2024-06-18,1119.05,50417.35,0.022195732223133504,0.022987525024695872,0.0004794526058173562,-1.6514516595702797
2024-06-19,1144.25,51353.4,0.022281874228386046,0.02294592300160335,0.00048488114207694114,-1.3695083507948254
2024-06-20,1154.5,51755.1,0.02230698037488093,0.022908150903827088,0.000489171500989253,-1.2289565678507648
2024-06-21,1154.8,51613.35,0.02237405632457494,0.02286874975713798,0.0004827447194522951,-1.0247516184626593
2024-06-24,1168.65,51751.05,0.02258215050709116,0.022836558641099083,0.0004678660008690459,-0.5437628157108426
2024-06-25,1194.6,52626.85,0.022699439544643086,0.022806774191198472,0.0004459814727041345,-0.24067064020525436
2024-06-26,1213.25,52894.15,0.022937319155331922,0.022792456754080332,0.0004341182427405104,0.33369342033889143
2024-06-27,1216.45,52905.6,0.022992840077420917,0.0227733256028148,0.00041084043841170276,0.534305910719878
2024-06-28,1206.65,52529.7,0.022970814605832512,0.022753586119514304,0.00038500489740131633,0.5642226573855138
2024-07-01,1214.1,52709.1,0.02303397326078419,0.022739078866495375,0.00036477897723393094,0.8084193791126826
2024-07-02,1197.4,52368.5,0.022864890153431933,0.02271933770336404,0.0003397460573529361,0.4284154206289717
2024-07-03,1206.65,53091.65,0.022727679399679613,0.022697711002210644,0.00031631475540580133,0.09474233167062548
2024-07-04,1234.05,53166.2,0.02321117552128984,0.02269711016104559,0.00031528582180716307,1.630474079987865
2024-07-05,1233.65,52724.1,0.02339821827209948,0.02270181094127783,0.000324831209279404,2.143905237327843
2024-07-08,1234.9,52560.5,0.023494829767601148,0.022714899187636174,0.0003485628933420312,2.2375605518045143
2024-07-09,1245.65,52615.75,0.023674470096881638,0.022737410261288338,0.0003872168093654178,2.419987492611648
2024-07-10,1245.1,52318.6,0.02379841968248386,0.02276423055588975,0.00043098078815282276,2.3996176976394406
2024-07-11,1243.0,52439.45,0.023703528545779944,0.02279376578842669,0.0004638617868756584,1.9612798102662488
2024-07-12,1236.5,52366.9,0.023612243611899883,0.022823527449862095,0.0004869917162029536,1.6195679224019708
2024-07-15,1234.45,52630.15,0.023455186808321846,0.022842688029300683,0.0005004279450940136,1.2239499912541758
2024-07-16,1244.2,52529.05,0.023685941398140647,0.02287368418171226,0.0005231589774005414,1.5526011241636495
2024-07-18,1251.8,52670.35,0.023766692266142146,0.02290680552232751,0.0005474577631241558,1.570690565985499
2024-07-19,1249.1,52270.65,0.023896775724043987,0.02294932483812139,0.0005734295389253492,1.6522533661209597
2024-07-22,1243.0,52286.55,0.023772844067929514,0.022990643368490705,0.0005869177942906803,1.3327261620754542
2024-07-23,1227.05,51818.2,0.02367990397196352,0.02302887241247415,0.0005933984890777544,1.0971237228817103
2024-07-24,1220.9,51401.1,0.023752409967880066,0.023068189396242285,0.0006011699125786506,1.138148395855166
2024-07-25,1199.5,50934.2,0.023549991950398752,0.02310325401134139,0.0005974354846432217,0.7477592987703878
2024-07-26,1208.15,51299.1,0.023551095438321533,0.0231412197585768,0.0005881180842721042,0.6969275230705138
2024-07-29,1209.05,51384.85,0.02352930873594065,0.023184969624044406,0.000565358196065461,0.6090636242520748
2024-07-30,1206.75,51520.3,0.023422806156020052,0.023230786394610972,0.000524267857386707,0.36626270083813933
2024-07-31,1212.7,51527.45,0.023535028416892357,0.023275429601069604,0.0004889214871079028,0.5309621742303599
2024-08-01,1206.9,51753.4,0.023320206981570293,0.023310040692842413,0.0004514802207117212,0.022517683525215174
2024-08-02,1189.75,51429.3,0.023133700050360397,0.023337598015358393,0.00041161503361831906,-0.49536083073939907
2024-08-05,1168.95,50215.45,0.023278692115673565,0.023367752541728348,0.0003695831571975712,-0.24097533754000014
2024-08-06,1162.25,49919.2,0.023282624721550026,0.02339110168221031,0.00033911041384391893,-0.3198868457935708
2024-08-07,1169.15,50340.7,0.023224746576825515,0.023408611916616393,0.00031485955105462377,-0.5839598613890538
2024-08-08,1159.15,50205.9,0.02308792392925931,0.023413632075747304,0.00030821664057452094,-1.0567506864031333
2024-08-09,1167.15,50574.1,0.02307801819508405,0.023416471346336072,0.00030457751154324016,-1.1112217364215164
2024-08-12,1175.35,50721.0,0.0231728475384949,0.023423205777424818,0.00029651065039465626,-0.8443482168235419
2024-08-13,1172.7,50052.0,0.02342963318149125,0.02343639444144839,0.00028725571582064016,-0.023537425313972786
2024-08-14,1165.7,49955.3,0.02333486136606126,0.023452060148536034,0.0002671231747841991,-0.43874434544833596
2024-08-16,1190.4,50624.4,0.02351435276269941,0.023478282593970026,0.00022952825127190595,0.1571491462576169
2024-08-19,1177.5,50485.25,0.023323644034643782,0.02348203154441516,0.00022590496801926365,-0.7011245089478115
2024-08-20,1181.4,50892.2,0.023213773426969165,0.023475883382910814,0.00023072317634362534,-1.1360365269559127
2024-08-21,1177.1,50806.95,0.023168090192385096,0.023464992063736947,0.00023741288032639806,-1.2505718769077157
2024-08-22,1191.0,51037.05,0.023335988267346956,0.02345370933608579,0.0002351465670170187,-0.5006284813433624
2024-08-23,1202.45,50966.35,0.023593017746022623,0.023446862604870413,0.00022763390221808738,0.6420622751183357
2024-08-26,1212.3,51219.15,0.023668881658520297,0.023445707708628426,0.00022637119738291788,0.98587608526168
2024-08-27,1224.65,51256.2,0.02389271931980912,0.023455056898892067,0.00023892984137081777,1.8317612333647493
2024-08-28,1222.6,51148.0,0.02390318292015328,0.023469990102619787,0.0002525499950965508,1.7152754937408727
2024-08-29,1223.3,51490.75,0.023757665211712783,0.023472380896405524,0.00025499249685929004,1.1187949403259707
2024-08-30,1236.55,51663.1,0.023934878085132328,0.02347798709037186,0.00026339662076497387,1.7346122111723887
2024-09-02,1233.6,51650.7,0.023883509807224295,0.023477544893144537,0.00026267946266810954,1.545476414319786
2024-09-03,1250.1,51834.1,0.02411732816813642,0.023489027696484765,0.0002827927165985668,2.2217703454631255
2024-09-04,1238.65,51607.6,0.024001309884590646,0.023499741226905672,0.00029605077569869843,1.6941980864641877
2024-09-05,1241.6,51727.6,0.024002660088618066,0.023508082897596937,0.00030674791271330333,1.612324552256618
2024-09-06,1213.05,50781.4,0.023887683285612447,0.023519339275437392,0.0003144383652821075,1.1714346938694467
2024-09-09,1235.05,51267.4,0.024090357615170654,0.023537314681332366,0.000331279292273888,1.6694159482236972
2024-09-10,1236.7,51371.2,0.024073800105895913,0.023555464393664207,0.0003454384155438935,1.500515544617657
2024-09-11,1234.05,51124.0,0.024138369454659258,0.023579316503618847,0.00036034541267831804,1.5514362924316718
2024-09-12,1246.75,51759.2,0.024087505216463936,0.023597732396937902,0.00037193509148895334,1.3168233671239375
2024-09-13,1245.6,51929.4,0.023986412321343978,0.02361993924159702,0.0003746719514600641,0.9781171991093658
2024-09-16,1264.1,52261.35,0.02418804718974921,0.02365508414624332,0.0003769320905221788,1.4139497721394751
2024-09-17,1268.05,52295.6,0.024247737859399262,0.023687385671034174,0.0003849998671304663,1.4554607318220163
2024-09-18,1286.05,52757.1,0.024376813736918822,0.023723858638213136,0.00039697534644118193,1.6448253136103292
2024-09-19,1294.65,53177.55,0.02434580006036382,0.023761227087664413,0.0004011148084471918,1.4573707088063461
2024-09-20,1322.7,53550.85,0.024699888050329733,0.023814959225033426,0.00041551930861975604,2.1296936314122292
2024-09-23,1317.6,54072.3,0.024367374792638744,0.02385793777828525,0.00040316415651095824,1.263596989281574
2024-09-24,1318.95,54026.3,0.02441310991128395,0.02389927985737822,0.00039397580930686574,1.3042172685925262
2024-09-25,1323.45,54102.05,0.02446210448587438,0.023933695567524324,0.0003966220097695428,1.3322733114510934
2024-09-26,1328.2,54549.05,0.02434872834632317,0.02396749113353305,0.000386912943008406,0.9853307305406922
2024-09-27,1317.85,54220.0,0.024305606787163408,0.02399386626768185,0.00038189480044597353,0.8162994602636862
2024-09-30,1283.2,53435.15,0.024014155476311007,0.024016883315737425,0.00036030570329187314,-0.007570902712601528
2024-10-01,1284.9,53381.2,0.024070271930941984,0.024045433265869852,0.00032685532263626387,0.07599284255735794
2024-10-03,1267.15,52384.75,0.024189291730894968,0.024079473317153512,0.0002825011622044979,0.3887361484975403
2024-10-04,1248.05,51871.45,0.024060441726614545,0.02410362176579577,0.000245265376877964,-0.1760543609166226
2024-10-07,1243.05,51016.25,0.024365765809913505,0.02412938003459213,0.00022988726099561506,1.028268266356369
2024-10-08,1241.6,51392.5,0.02415916719365666,0.024145722885763343,0.00021281465849355355,0.06317378693969805
2024-10-09,1249.8,51373.7,0.024327622888754362,0.024160219671394853,0.0002097769250414303,0.7980058689793801
2024-10-10,1247.2,51780.95,0.024086077988140428,0.02416631617366109,0.00020464422177119502,-0.3920862501086029
2024-10-11,1229.0,51386.4,0.023916834026123643,0.02417162180080812,0.0001955451892813879,-1.3029610987659643
2024-10-14,1237.85,52042.75,0.023785253469503435,0.02416663431362049,0.00020353652219514166,-1.8737710559454477
2024-10-15,1257.55,52106.85,0.024134062987879713,0.024174986086309004,0.00019653859865516156,-0.20821914224133004
2024-10-16,1249.0,52042.65,0.02399954652578222,0.024171060031563864,0.0001988923975916321,-0.8623431959113749
2024-10-17,1236.9,51491.7,0.024021347129731592,0.024171727939735224,0.00019833556085675438,-0.7582140557852004
2024-10-18,1266.85,52310.4,0.024217937542056645,0.024178903854849845,0.00019588696799200235,0.1992663810508971
2024-10-21,1259.6,52040.25,0.024204341831563066,0.024189459139714868,0.0001880273890722728,0.07915172316984657
2024-10-22,1269.35,51434.8,0.024678816676646936,0.024209074441764077,0.00020706333836488413,2.268592009538092
2024-10-23,1254.25,51352.65,0.02442425074460617,0.024220756129721084,0.00020904457510994008,0.9734508287434129
2024-10-24,1256.65,51605.75,0.02435096864206024,0.02422784276930112,0.00020975770237222487,0.586990948921759
2024-10-25,1258.8,50846.1,0.02475706101352906,0.024250161295869953,0.00022904481867326581,2.213102748166522
2024-10-28,1293.5,51327.35,0.025200989336094694,0.024290647196361648,0.0002820321292669346,3.2277958617666416
2024-10-29,1330.75,52294.05,0.025447445741915188,0.02433262714810051,0.0003514260681273659,3.1722706279451045
2024-10-30,1311.8,51798.6,0.02532500878402119,0.024368536178921246,0.00039481289870651467,2.422597154838506
2024-10-31,1294.15,51954.4,0.024909343578214744,0.024386287173631106,0.000406981771824915,1.2852084314200172
2024-11-01,1295.35,51927.75,0.02494523641020456,0.024406268385292466,0.00041944948705277703,1.2849414328745588
2024-11-04,1281.4,51552.05,0.0248564315095132,0.02441148650059858,0.00042417529567496715,1.0489649290079572
2024-11-05,1300.2,52393.95,0.0248158422871343,0.024426435417081765,0.00043042358521507457,0.9047061625536994
2024-11-06,1307.8,52650.35,0.02483934104901487,0.02444064312167279,0.00043695368429133867,0.9124489429324651
2024-11-07,1285.6,52199.9,0.024628399671263734,0.024446186294519105,0.0004382880989620885,0.4157388192290166
2024-11-08,1264.75,51788.55,0.02442142133734194,0.024448609394219733,0.0004379315165377632,-0.062082896186000186
2024-11-11,1274.2,52082.2,0.0244651723621506,0.024453928246719308,0.0004371030125038896,0.02572417738986292
2024-11-12,1274.45,51373.85,0.024807367950815444,0.024480368662536122,0.00043356019865365265,0.7542188819332646
2024-11-13,1258.6,50358.25,0.024992925687449423,0.024511123787753036,0.00043618320939366385,1.104586076034742
2024-11-14,1258.35,50296.95,0.02501841562957595,0.024538761251042405,0.0004413252858973194,1.0868499808668173
2024-11-18,1254.75,50429.85,0.02488109720730877,0.02456611643373221,0.0004360570743291435,0.7223384096248072
2024-11-19,1247.8,50590.9,0.024664514764512983,0.02457607473221886,0.00043473314120811944,0.2034352201636855
2024-11-21,1252.2,50407.4,0.02484159071882303,0.02459882218305774,0.0004299942928938841,0.5645854835222246
2024-11-22,1275.9,51082.35,0.02497731603968886,0.024620478621422224,0.000432219459275502,0.8255931347116484
2024-11-25,1302.3,52171.6,0.024961856642311143,0.02464967124322791,0.0004243853490261402,0.7356177582464142
2024-11-26,1305.95,52218.7,0.02500923998490962,0.024686084775187446,0.0004057961839142419,0.7963485674140027
2024-11-27,1302.7,52305.2,0.02490574550905073,0.024723434509839017,0.0003700116242277526,0.4927169506963755
2024-11-28,1286.75,52329.4,0.0245894277404289,0.024738613334923994,0.00035399379408491716,-0.42143562115472566
2024-11-29,1307.45,52364.45,0.024968275232528942,0.02477090429181555,0.0003274393991415757,0.6027708981595513
2024-12-02,1310.5,52395.15,0.025011857013483116,0.024803921287940605,0.0002978543301132769,0.6981121458379701
2024-12-03,1313.9,52868.85,0.024852063171413794,0.024825058808919172,0.0002765760919031502,0.09763809412737659
2024-12-04,1320.35,53381.4,0.024734270738496926,0.02484272310581697,0.0002513362763150976,-0.43150304011060786
2024-12-05,1339.2,53674.65,0.024950325712417315,0.024851773407009316,0.0002501160802810796,0.39402626691273307
2024-12-06,1335.4,53717.85,0.02485952062489471,0.02486628240301893,0.00023672715404465905,-0.02856359318604677
2024-12-09,1328.1,53531.0,0.024809923222058244,0.024881580889018866,0.00021621823212773629,-0.33141361972790473
2024-12-10,1332.6,53699.5,0.024815873518375404,0.02488354130584708,0.00021531503425970924,-0.31427339806683163
2024-12-11,1331.9,53558.6,0.024868088411571627,0.024872444608362975,0.00020680056981107206,-0.021064723348331777
2024-12-12,1334.65,53437.8,0.024975766217920647,0.02485672195756316,0.0001774202874456322,0.6709732132181732
2024-12-13,1346.2,53625.8,0.02510358819821802,0.02484934127136972,0.0001611250260535323,1.577948088361093
2024-12-16,1349.75,53697.2,0.025136319957092736,0.02485690715066565,0.00016916795978825968,1.6516886931592345
2024-12-17,1338.55,53015.75,0.025248157387191543,0.024867004516565216,0.00018308959042108975,2.0817834031400118
2024-12-18,1318.2,52304.2,0.025202564994780536,0.02487854229940746,0.00019303631769881487,1.6785582072624907
2024-12-19,1290.3,51749.7,0.02493347787523406,0.024882463485677457,0.000192913499775224,0.2644417815033392
2024-12-20,1286.75,50769.95,0.025344716707422405,0.024899309340957704,0.00021030010942791342,2.1179606975781304
2024-12-23,1298.3,51303.15,0.025306438298622988,0.024921910628536346,0.0002165238967273499,1.7759133097943665
2024-12-24,1299.7,51227.35,0.02537121283845446,0.024953570345240095,0.00021016480832990254,1.987214208378681
2024-12-26,1295.75,51574.95,0.02512363075485289,0.024975518958330174,0.00019090021384034547,0.7758597727218093
2024-12-27,1316.85,51724.3,0.02545902022840328,0.024997240700916433,0.00020746312937807134,2.2258390147259486
2024-12-30,1305.9,51404.35,0.025404464797239925,0.025010958671242787,0.000220372327216207,1.7856421945894767
2024-12-31,1291.15,51286.15,0.025175412855127553,0.025016191912094508,0.00022241022082948364,0.715888606374418
2025-01-01,1292.65,51439.25,0.025129643219914757,0.02502447677918137,0.00022183283026039054,0.47407969600325484
2025-01-02,1297.3,51860.2,0.025015329674779502,0.025036170609523588,0.0002111947116248933,-0.09868113923752651
2025-01-03,1272.45,51259.2,0.024823836501545092,0.025035578802280987,0.00021178281920506767,-0.9998086791491191
2025-01-06,1269.15,50163.1,0.025300469867292893,0.02504635059653446,0.00021687424395798046,1.1717355925753423
2025-01-07,1283.1,50415.3,0.025450607256130575,0.025062642283661774,0.0002283615055671431,1.6989070531185961
2025-01-08,1270.35,50095.4,0.025358615761127766,0.025074288142869043,0.00023437371073836726,1.2131378445260845
2025-01-09,1268.35,49787.25,0.025475397817714372,0.025093276553157833,0.0002431592079811149,1.5714858907840197
2025-01-10,1252.4,48886.4,0.02561857694573542,0.02512758152666805,0.00024221944684604517,2.0270685341769816
2025-01-13,1235.0,48266.25,0.025587237458886903,0.025148213600879984,0.00025424480183644326,1.7267761418750462
2025-01-14,1245.65,48971.05,0.025436456845421937,0.025162366928611277,0.0002581802168685299,1.0616224594397636
2025-01-15,1241.45,48892.55,0.02539139398538223,0.025180344622410224,0.00025458030057998947,0.8290090100891074
2025-01-16,1252.95,49443.95,0.02534081520590487,0.02520056277132382,0.00024169148514464704,0.5802953070403397
2025-01-17,1229.65,48685.65,0.02525692888972418,0.02521078287723405,0.000237185616420046,0.1945565384049602
2025-01-20,1236.6,49512.9,0.02497530946480614,0.025214642505231095,0.00023216144343031844,-1.0308905599856437
2025-01-21,1200.15,48763.25,0.024611772184995873,0.025208037470662352,0.00024645173473429664,-2.4193998322199732
2025-01-22,1204.25,48887.65,0.024633010586518272,0.02520194203960045,0.0002584545576460878,-2.2012823386199996
2025-01-23,1204.75,48696.0,0.02474022506982093,0.025197679928208757,0.0002651182781002199,-1.725474613315415
2025-01-24,1211.4,48375.2,0.02504175693330467,0.025199879618721558,0.0002634822814482059,-0.6001264470148805
2025-01-27,1229.0,48080.95,0.025561059005697686,0.02521512864563755,0.0002708522305952775,1.2771922139974698
2025-01-28,1247.15,48828.9,0.025541226609651253,0.02522862553405616,0.0002768125898178843,1.1292877820360443
2025-01-29,1249.2,49082.15,0.025451207821988238,0.02523539388188272,0.000279773193375484,0.7713889150769075
2025-01-30,1258.2,49289.5,0.02552673490297122,0.025246199545489078,0.0002846787140023696,0.985445499377266
2025-01-31,1257.45,49862.0,0.025218603345232845,0.02525570372782237,0.0002785723430304015,-0.13318042338996802
2025-02-01,1260.95,49768.6,0.02533625619366428,0.025255421710697102,0.00027848339032672537,0.29026680145031625
2025-02-03,1256.75,49505.15,0.025386247693421796,0.02525808202385706,0.00027936735113202226,0.4587711092416398
2025-02-04,1271.35,50315.55,0.025267536576664668,0.02525462614846407,0.00027855971343944636,0.04634707596870208
2025-02-05,1272.4,50531.1,0.025180532385006463,0.025256522869469184,0.0002778297711705267,-0.2735145486481356
2025-02-06,1278.1,50608.7,0.025254551094969838,0.02524970723168807,0.000275186281151129,0.017602124864306838
2025-02-07,1261.3,50354.55,0.025048381923778486,0.02523783780257269,0.00027595930895467363,-0.6865355603036526
2025-02-10,1267.5,50234.15,0.025231839296574143,0.02523971868395424,0.00027571134595311234,-0.02857839365609214
2025-02-11,1257.65,49681.75,0.02531412440181757,0.025245868056684335,0.00027522848200202627,0.24799884313110865
2025-02-12,1256.9,49716.5,0.025281345227439585,0.025254735241773008,0.0002718089260936061,0.09789960193364838
2025-02-13,1253.4,49571.4,0.0252847407981215,0.025270098718325553,0.0002593538518457069,0.05645599512690923
2025-02-14,1264.4,49334.55,0.02562909766076715,0.025281052978108027,0.0002674932260381135,1.3011345663367626
2025-02-17,1254.7,49462.15,0.025366871436037455,0.025278261784104923,0.00026609620926162556,0.33299855033038533
2025-02-18,1246.3,49208.05,0.025327156837143514,0.025277213153305448,0.0002658304853116927,0.1878779395053433
2025-02-19,1261.3,49630.55,0.025413782438437612,0.025275159307329556,0.00026448108078131415,0.5241325039150012
2025-02-20,1252.4,49473.3,0.02531466467771505,0.025265028898395547,0.0002565758115438561,0.19345463245673047
2025-02-21,1234.65,49031.4,0.02518080250614912,0.02525148106663762,0.00024961160736086777,-0.2831541418917903
2025-02-24,1221.2,48793.9,0.02502771862876302,0.025237856459415658,0.00025032099210449486,-0.8394734651935041
2025-02-25,1226.1,48723.45,0.025164474190559165,0.025230292466254887,0.0002489462024201978,-0.26438754660987707
2025-02-28,1211.3,48628.25,0.02490938908967524,0.0252159115957139,0.00025473526198637364,-1.2032982934850045
2025-03-03,1213.35,48396.0,0.025071286883213487,0.02520972352883021,0.0002559563999229457,-0.5408602623665499
2025-03-04,1217.25,48472.25,0.02511230652589884,0.0252142900975333,0.00025283299611022846,-0.4033633790029518
2025-03-05,1219.65,48714.7,0.025036590597909875,0.0252284507112971,0.00022866515057318504,-0.8390439597214433
2025-03-06,1221.4,48780.35,0.025038770734527326,0.025241976049564067,0.00020276419884349657,-1.0021755132107177
2025-03-07,1219.7,48680.15,0.02505538705201196,0.025252481448970434,0.00018308061117709322,-1.0765443467294642
2025-03-10,1216.8,48315.35,0.02518454280057994,0.02525724097787961,0.00017922900400862496,-0.40561614288819325
2025-03-11,1246.7,47999.5,0.025973187220700217,0.02527097858504636,0.00021545301220046747,3.2592193930456066
2025-03-12,1246.4,48213.9,0.025851466070987827,0.02528131990042425,0.0002353942735029018,2.4220902321846385
2025-03-13,1253.3,48160.2,0.026023563025070494,0.025300398407193656,0.0002702519082528905,2.67589088473755
2025-03-17,1273.1,48485.6,0.02625728051215206,0.025324749927499685,0.00031973329299038466,2.9165889355176406
2025-03-18,1310.8,49422.4,0.026522386610120106,0.025368209369662595,0.00038645411977252,2.9865828345597625
2025-03-19,1314.9,49808.15,0.026399294091428813,0.025403643966254743,0.0004297354114961517,2.316891041647346
2025-03-20,1321.4,50097.1,0.02637677630042458,0.02543666158648817,0.0004649613333957383,2.021920203709192
2025-03-21,1342.05,50593.75,0.02652600370599135,0.02547861049079906,0.0005042835092119484,2.0769927948448466
2025-03-24,1360.4,51753.9,0.026285941735791893,0.025515457469158575,0.0005218321853316542,1.4764981698927429
2025-03-25,1345.2,51665.2,0.02603686814335375,0.025541534704104703,0.0005278568363052522,0.9383859508501337
2025-03-26,1337.15,51273.45,0.026078799066573444,0.025575881942197874,0.0005281853676989841,0.9521602738949524
2025-03-27,1337.75,51591.9,0.025929457918781824,0.02559913589627146,0.0005278728273799113,0.6257606100884456
2025-03-28,1355.55,51840.85,0.026148298108537957,0.025626941686495475,0.000534273424090972,0.9758232368183614
2025-04-01,1326.1,51187.1,0.02590691795393761,0.025647794110712073,0.000532524882013925,0.4865948089515978
2025-04-02,1338.4,51581.15,0.02594746336597769,0.025669884862973946,0.0005306877016455724,0.5230543352390108
2025-04-03,1334.4,51798.5,0.025761363746054425,0.025674293732483523,0.0005308865490184597,0.16400870154251243
2025-04-04,1337.45,51593.55,0.02592281399516025,0.025692825151120948,0.0005294866335534231,0.4343619450708867
2025-04-07,1291.35,50095.7,0.025777661555782233,0.025707841975075574,0.000525128736528041,0.13295707480851288
2025-04-08,1305.15,50768.2,0.0257080219507487,0.025717649958819276,0.0005221866700463425,-0.018437866423748634
2025-04-09,1304.9,50468.6,0.025855680561775046,0.025735683821621273,0.0005171069167505765,0.23205402261453797
2025-04-11,1316.15,51162.05,0.025725122429613355,0.025753827819070083,0.0005064048219327567,-0.056684668497369375
2025-04-15,1350.6,52383.6,0.025782878610862942,0.02577899981847341,0.0004874822710219979,0.007956786574821417
2025-04-16,1355.6,53082.8,0.025537462228819877,0.025791432753082103,0.0004758872402019875,-0.5336779447047798
2025-04-17,1405.4,54201.4,0.025929219540454674,0.02582542710144142,0.00044620650079623493,0.23261077287767407
2025-04-21,1409.1,55293.8,0.025483869800954174,0.02583917986536611,0.0004281542891630173,-0.8298645451071328
2025-04-22,1413.7,55576.8,0.025436872939787823,0.02584999874582907,0.0004129858196629523,-1.000338961706748
2025-04-23,1420.8,55400.6,0.025645931632509396,0.025870310113649056,0.00038568324290140635,-0.581768809688781
2025-04-24,1399.3,55233.6,0.025334216853509457,0.02588015831761513,0.0003670396005455098,-1.4874184237729946
2025-04-25,1410.3,54724.0,0.025771142460346466,0.02590401683122628,0.00033328997104152303,-0.39867497502125665
2025-04-28,1435.0,55671.2,0.02577634396240785,0.025923743536620542,0.00030560099818144343,-0.4823268742243299
2025-04-29,1433.4,55509.6,0.025822560421981066,0.0259187226433299,0.00030599775727739397,-0.3142579285692678
2025-04-30,1433.4,55241.8,0.025947742470375693,0.025921931856642832,0.00030577284382708416,0.08441107264403373
2025-05-02,1435.3,55209.8,0.025997196149958882,0.02592105296080578,0.00030550842724177767,0.24923433320824354
2025-05-05,1435.5,55080.6,0.02606180760558164,0.025914537197253434,0.0003001273191243417,0.4906931123693954
2025-05-06,1435.5,54363.0,0.026405827492963965,0.02591065189334823,0.00029264832379626173,1.692050011400275
2025-05-07,1437.9,54671.0,0.026300963947979736,0.025907374221899926,0.0002874920214511538,1.369045735923782
2025-05-08,1437.6,54288.6,0.026480697605022047,0.025910838265386506,0.0002938976840458002,1.9389718618767189
2025-05-09,1393.9,53732.0,0.025941710712424626,0.025891361832267614,0.0002701241258230054,0.1863916449654787
2025-05-12,1454.2,55599.2,0.02615505259068476,0.025886998860764045,0.00026453033900681846,1.0133194208540504
2025-05-13,1435.4,55089.0,0.026056018442883334,0.0258876372040817,0.0002649272704495027,0.6355753355097818
2025-05-14,1428.5,54910.0,0.02601529775997086,0.02588552049386161,0.0002635976064854471,0.4923309731054599
2025-05-15,1452.4,55399.6,0.026216795789139272,0.025895098422873526,0.0002703821030873862,1.1897879430347325
2025-05-16,1457.6,55503.2,0.026261548883667968,0.025898873448711193,0.0002747937347590766,1.3198096938954895
2025-05-19,1450.6,55514.8,0.02612996894521821,0.025906308481753883,0.00027801750913439456,0.8044833728663049
2025-05-20,1443.2,55103.8,0.026190571249169747,0.025914412077860282,0.0002827610100006633,0.9766522311856817
2025-05-21,1446.8,55142.0,0.026237713539588696,0.025930290404311426,0.000287209900432186,1.0703779180824455
2025-05-22,1444.2,55068.4,0.0262255667497149,0.02594038216279658,0.0002922135022525923,0.9759459597859509
2025-05-23,1452.2,55495.6,0.026167840333287687,0.025953388122046762,0.00029340202912577455,0.7309159104315323
2025-05-26,1463.3,55687.0,0.026277228078366584,0.025972361659634024,0.0002953855269020575,1.0320966701718124
2025-05-27,1447.3,55472.6,0.02609035812274889,0.02598018424499982,0.0002952963781232658,0.3730959331410408
2025-05-28,1454.8,55445.6,0.02623833090452624,0.025997291194163583,0.0002948759127634621,0.8174276023556005
2025-05-29,1458.7,55474.4,0.02629501175316903,0.02601436229890712,0.00029685270995239473,0.9454165141592172
2025-05-30,1455.3,56076.4,0.025952093928996868,0.026028183355579684,0.0002832226756210213,-0.2686558426721117
2025-06-02,1456.1,56180.4,0.02591829178859531,0.026027819097184372,0.00028336133718073704,-0.38652876810502246
2025-06-03,1446.8,55931.0,0.02586758684808067,0.02604060966542192,0.00026609574064967635,-0.6502276846627253
2025-06-04,1439.7,55989.4,0.025713795825638423,0.02604984042828361,0.00024866224115214824,-1.3514098525299352
2025-06-05,1459.5,56044.4,0.026041852531207398,0.026063037791573544,0.00023670516903080566,-0.08950062414305848
2025-06-06,1463.3,56770.4,0.025775756380085394,0.02607775577579274,0.00020083471091773087,-1.503721116371442
2025-06-09,1441.8,56999.2,0.0252950918609384,0.026061887422479137,0.00024073879044140186,-3.185176597983214
2025-06-10,1429.1,56764.6,0.025175901882511283,0.02604187268648259,0.0002860020141721229,-3.027848620150433
2025-06-11,1435.8,56648.6,0.025345727873239587,0.026025978268191204,0.00031078644219222616,-2.18880331507792
2025-06-12,1429.6,56269.6,0.025406258441503047,0.026007928800562116,0.00033058028874756874,-1.8200430562225838
2025-06-13,1417.5,55614.4,0.02548800310710895,0.02599095569913378,0.00034395175301723657,-1.4622765769117283
2025-06-16,1431.8,56112.4,0.025516641597935572,0.025972783498878913,0.00035432443986045767,-1.287356585176517
2025-06-17,1425.9,55780.8,0.025562559160141125,0.025944674554451486,0.0003522284709343341,-1.0848509585177704
2025-06-18,1416.1,55899.0,0.02533319021807188,0.025912415430121225,0.0003626356300364337,-1.597265034302205
2025-06-19,1414.6,55655.0,0.025417303027580627,0.02587696894420651,0.0003571019107372782,-1.2872121453420604
2025-06-20,1428.2,56298.0,0.025368574372091373,0.025857864399528738,0.00036866279801176524,-1.3272020667020215
2025-06-23,1419.8,56097.8,0.02530937042094342,0.02582967499387069,0.000377383964643861,-1.378714046364648
2025-06-24,1425.2,56500.8,0.025224421601110072,0.025801955099144912,0.00039049877839750485,-1.4789636485032622
2025-06-25,1426.2,56619.2,0.025189335066549867,0.02577442300936422,0.00040382811794069157,-1.4488538980346128
2025-06-26,1435.8,57217.2,0.02509385289738051,0.025736991579638924,0.00041334155365864824,-1.5559497383356249
2025-06-27,1467.6,57648.2,0.025457863385153396,0.02571020206302177,0.0004041128127390693,-0.624426323327951
2025-06-30,1452.8,57553.6,0.025242556503850325,0.02568062164830951,0.00040480501490879647,-1.0821633337667091
2025-07-01,1440.3,57689.6,0.024966371755047703,0.02563981499850544,0.0004132417985219548,-1.6296590661120092
2025-07-02,1436.8,57317.0,0.025067606469284853,0.025600811429495312,0.00041007132772918344,-1.300273694245198
2025-07-03,1434.6,57119.6,0.02511572209889425,0.025563816607801288,0.0004017431957450919,-1.1153754777998925
2025-07-04,1447.6,57293.8,0.025266259176385576,0.02553376390257122,0.00038850425266335505,-0.6885503166356369
2025-07-07,1442.7,57187.8,0.0252274086431022,0.02549876992139574,0.00036584848373788037,-0.7417313187170705
2025-07-08,1448.1,57454.0,0.025204511435235142,0.02546924169847862,0.0003519385848060815,-0.752205852590285
2025-07-09,1439.0,57383.6,0.025076851225785766,0.025430525709187267,0.00032744920628380504,-1.0800896035611895
2025-07-10,1430.0,57171.6,0.025012418753367058,0.02538777260919387,0.0002925576263703211,-1.2830082759547876
2025-07-11,1427.5,56917.6,0.025080115816548836,0.025358706672112267,0.0002774861454633554,-1.0039811360607975
2025-07-14,1428.0,57002.6,0.02505148887945462,0.025329813241807577,0.0002619002591730364,-1.062711290289594
2025-07-15,1435.1,57232.6,0.02507486991679567,0.02530338934409808,0.00024523103836513035,-0.9318536055870735
2025-07-16,1431.3,57265.2,0.024994237337859642,0.025279404061172118,0.0002388111555263717,-1.1941097252510262
2025-07-17,1424.6,56973.4,0.025004651293410608,0.02524483068657889,0.00019583544632851955,-1.2264347321749656
2025-07-18,1432.0,56415.6,0.025383050078347125,0.02523174047652095,0.0001706252234432429,0.8867950398699779
2025-07-21,1467.2,56981.8,0.025748572351171777,0.025246856492862062,0.00019480520859914592,2.575474556956556
2025-07-22,1474.3,56804.6,0.025953884016435287,0.025272789230659527,0.00023306068214487408,2.9223924838269446
2025-07-23,1489.2,57235.8,0.02601868061597811,0.025295220988750814,0.00026981088940935947,2.6813581498175107
2025-07-24,1483.9,57117.6,0.025979733042004568,0.025314336808767532,0.00029690382531773397,2.2411170773059492
2025-07-25,1477.1,56585.8,0.02610372213523534,0.025334860776371745,0.0003288819501152811,2.337803453774492
2025-07-28,1487.1,56179.0,0.026470745296285087,0.025366664232983394,0.00038790250979951356,2.8462849180128664
2025-07-29,1484.2,56331.8,0.026347462712002813,0.025392827684712117,0.00042615512004691756,2.2401115987661857
2025-07-30,1480.7,56217.6,0.026338726662112934,0.025426345566180154,0.0004595388318213915,1.9854276347366302
2025-07-31,1479.3,55988.8,0.02642135569971137,0.02545981398858451,0.0004941192631401798,1.9459709079467173
2025-08-01,1467.4,55794.2,0.026300224754544382,0.025490869001332944,0.0005169370905965671,1.5656755298355711
2025-08-04,1459.8,55860.0,0.026133190118152523,0.02551832965790658,0.0005287104274274205,1.1629436991392603
2025-08-05,1440.2,55539.2,0.025931234155335332,0.025541890076380757,0.0005309056070601953,0.7333583857034506
2025-08-06,1439.7,55580.8,0.02590282975415971,0.025565673232634416,0.0005305486881693188,0.6354864860540256
2025-08-07,1436.5,55757.6,0.025763304015954776,0.025587988269920228,0.0005240584356766551,0.3345347276171297
2025-08-08,1431.1,55166.0,0.02594170322299967,0.0256041162645151,0.0005273505178694728,0.6401566833544443
2025-08-11,1428.2,55540.0,0.02571480014404033,0.025619857719188104,0.0005232178339460576,0.18145869405134854
2025-08-12,1427.3,55287.4,0.02581600871084551,0.02564817895104803,0.000509439133516886,0.3294402584247422
2025-08-13,1426.9,55433.2,0.02574089173996811,0.02567062179340414,0.0004976752684318479,0.14119638049402825
2025-08-14,1431.6,55503.8,0.02579282859912294,0.025693192010078428,0.00048687879619794687,0.2046435166669339
2025-08-18,1437.1,55862.8,0.02572552754247907,0.025708500955614878,0.0004801659530360365,0.03545979625697172
2025-08-19,1437.3,55965.8,0.025681755643625213,0.02572364585563231,0.00047155668068472986,-0.08883388513608047
2025-08-20,1431.1,55815.6,0.02563978529300052,0.02573815498422449,0.000461624642002056,-0.21309454104820028
2025-08-21,1447.7,55890.0,0.02590266595097513,0.025765682141730802,0.0004451590517094537,0.30771880009694735
2025-08-22,1437.4,55270.6,0.026006593016902297,0.025798821283848646,0.0004236344021377783,0.49045056776592477
2025-08-25,1432.5,55258.8,0.02592347282242828,0.025826933184044623,0.00040171224831442483,0.2403203755641909
2025-08-26,1416.8,54525.6,0.025984124888125945,0.025858021051000334,0.0003748199973083288,0.3364383918445984
2025-08-28,1400.9,53813.4,0.026032549513689898,0.025889943704230145,0.0003454519125520401,0.412809436793234
2025-08-29,1406.3,54060.4,0.02601349601556777,0.025923918993487078,0.0003016688846588085,0.29693822146093934
2025-09-01,1416.7,54370.0,0.026056648887254,0.025958985579948527,0.00024738588584060495,0.39478124216189203
2025-09-02,1401.9,54039.4,0.025942182925791184,0.025977623341529994,0.00022228850167727403,-0.15943431833582972
2025-09-03,1403.7,54373.6,0.025815837097414925,0.0259798654997381,0.0002202281556553823,-0.7448112246821428
2025-09-04,1411.2,54293.0,0.025992301033282376,0.025981146066966335,0.00022018355862739658,0.05066212202936226
2025-09-05,1407.2,54364.6,0.02588449101069446,0.025976673080123545,0.00022075702936435272,-0.41757252167467795
2025-09-08,1407.7,54499.8,0.0258294525851471,0.025971663731561633,0.0002223842603261455,-0.6394838654766674
2025-09-09,1407.4,54468.4,0.025838834994235192,0.025962834160194962,0.00022221868923751403,-0.5580051182249384
2025-09-10,1409.5,54791.8,0.025724652228983166,0.025937964391284894,0.00020445511922727875,-1.0433202313931955
2025-09-11,1405.9,54875.0,0.02562004555808656,0.025913717152821026,0.0001972221424064837,-1.4890396745067043
2025-09-12,1420.3,55013.4,0.025817346319260397,0.02589633780805927,0.00018076405235105817,-0.43698671152528507
2025-09-15,1422.8,55113.6,0.02581576961040469,0.02587615160508238,0.00015156842090446326,-0.3983811028535369
2025-09-16,1424.9,55339.6,0.02574828874802131,0.02585775373819828,0.00013032757524306595,-0.8399219426342839
2025-09-17,1423.7,55699.8,0.02556023540479499,0.02583865524775303,0.00013055351900110047,-2.132610787424978
2025-09-18,1425.9,55879.6,0.025517362329007368,0.02582485952020876,0.0001418147213962607,-2.168302332606069
2025-09-19,1407.2,55654.4,0.025284613615455382,0.025804252315585287,0.00017183368208671977,-3.0240794110880853
2025-09-22,1406.4,55471.8,0.0253534228202438,0.025790589609061585,0.00019048468114944643,-2.29502333825365
2025-09-23,1399.4,55723.8,0.025113147344581668,0.025762971079780986,0.00022479547803642874,-2.8907331271762198
2025-09-24,1386.7,55252.2,0.025097643170769672,0.025742399180671963,0.00025549828921040573,-2.5235237852075274
2025-09-25,1379.8,55152.2,0.025018040984765795,0.025715800256469308,0.0002871472797565391,-2.4299699871616953
2025-09-26,1361.8,54474.8,0.024998715002166137,0.025691061031875906,0.0003154839768741884,-2.1945521182074783
2025-09-29,1350.8,54550.2,0.02476251232809412,0.025656717156174947,0.0003573289344216702,-2.5024696909251922
2025-09-30,1349.6,54634.4,0.024702385310353913,0.02562261241510411,0.0003971430496924902,-2.3171174856584638
2025-10-01,1378.0,55663.2,0.02475603271101913,0.025591754984017237,0.0004272144130215157,-1.9562127295457563
2025-10-03,1371.0,55854.2,0.024546050252263932,0.02555529714932602,0.0004677226097410115,-2.157789416297263
2025-10-06,1368.3,56297.8,0.024304679756580183,0.02550203094284619,0.0005153649147840949,-2.3233075281572466
2025-10-07,1380.7,56468.6,0.024450756703725613,0.025450169732406967,0.0005405085712146408,-1.8490234603226627
2025-10-08,1375.5,56218.0,0.02446725248141165,0.02540162905437308,0.0005615176644041584,-1.6640199092452856
2025-10-09,1380.2,56413.2,0.024465905142768005,0.02535102172952781,0.0005754520063953754,-1.5381240779820469
2025-10-10,1387.9,56862.2,0.02440813053311339,0.02529687443017526,0.0005854503461128263,-1.5180517066268742
2025-10-13,1385.4,56856.2,0.024366735729788487,0.02524198242064929,0.0005930932545491109,-1.4757319934892763
2025-10-14,1388.7,56716.4,0.02448498141630992,0.02518959350495115,0.0005880435054066689,-1.1982312229669925
2025-10-15,1401.0,56987.2,0.024584468091080103,0.025144336343794114,0.0005803209389803035,-0.9647562497017074
2025-10-16,1419.0,57486.2,0.024684185073982973,0.025106614609679716,0.0005718854909075974,-0.7386610473826422
2025-10-17,1437.1,57757.2,0.024881746345044427,0.02506959612007179,0.0005480231452735081,-0.34277708277012603
2025-10-20,1393.5,58099.6,0.023984674593284638,0.025006268906158126,0.0005602414079653183,-1.8234894785512354
2025-10-21,1382.5,57960.0,0.023852657004830916,0.024940375720147585,0.0005761098527735884,-1.8880404667269988
2025-10-23,1366.6,58090.6,0.023525320792004215,0.024863258580073218,0.0006057743433021904,-2.2086405653558248
2025-10-24,1378.0,57703.2,0.0238808246336425,0.024801797660228532,0.0006088929523653411,-1.5125368474185241
2025-10-27,1378.0,58183.2,0.023683812509452902,0.024737256558607406,0.0006216541547887414,-1.694582174090832
2025-10-28,1364.8,58183.6,0.023456781636062397,0.024658571069167474,0.0006295713567939069,-1.9089010644086357
2025-10-29,1379.4,58766.0,0.02347275635571589,0.024580470627344517,0.0006263881248591662,-1.7684151848786689
2025-10-30,1371.0,58425.6,0.02346574104502136,0.02450438570391118,0.0006182192395817644,-1.6800587759004069
2025-10-31,1354.4,58184.6,0.023277637037979124,0.024428299091683987,0.0006242257090460153,-1.8433429399493728
2025-11-03,1354.8,58404.4,0.023196882426666482,0.02435094976160596,0.0006283781817936382,-1.8365808495217253
2025-11-04,1343.3,58117.8,0.023113400713722816,0.024278575998214872,0.0006420220118254627,-1.8148525487141947
2025-11-06,1327.7,57886.8,0.022936144336878184,0.024198000048769354,0.000654049144311043,-1.9292980089751108
2025-11-07,1347.1,58181.6,0.02315336807513028,0.02413267407312097,0.0006573553362955384,-1.4897665599087897
2025-11-10,1353.0,58252.2,0.02322659058370328,0.024070305653552095,0.0006513776499856307,-1.2952778927361543
2025-11-11,1361.6,58370.8,0.023326731859080223,0.024013928682695907,0.0006396076730856278,-1.0744036579493705
2025-11-12,1362.9,58523.2,0.023288200235120432,0.023956911523794384,0.0006248638549911863,-1.07017117942177
2025-11-13,1387.8,58535.0,0.023708892115828138,0.023921790850052187,0.0006073886275114018,-0.3505148509222831
2025-11-14,1375.0,58644.4,0.0234463989741561,0.023879924638845588,0.0005948860724039521,-0.7287541006593046
2025-11-17,1379.8,59027.4,0.023375584897860992,0.02383390971174032,0.0005779292925901724,-0.793046519281279
2025-11-18,1374.6,58974.6,0.023308339522438472,0.0237926526874128,0.0005694547108180824,-0.8504858345601566
2025-11-19,1382.7,59227.4,0.0233456136855577,0.02376068381837872,0.0005666323156952363,-0.7325211099401316
2025-11-20,1384.8,59399.0,0.023313523796696912,0.023722776054811098,0.000556830154140777,-0.7349678444510362
2025-11-21,1368.5,58869.0,0.02324653043197608,0.023682085319829908,0.000545028549152882,-0.7991414184280684
2025-11-24,1366.8,58871.8,0.02321654850030065,0.023640440098414334,0.0005306128124017961,-0.7988717727997476
2025-11-25,1356.3,58811.4,0.023061855354574112,0.02359556425912969,0.0005202766246180511,-1.0258175733868247
2025-11-26,1381.2,59817.2,0.02309034859538728,0.023553018021316315,0.0005070597181984464,-0.9124554945379442
2025-11-27,1398.4,60031.8,0.023294320676708013,0.023513329329996255,0.00047732335446101695,-0.4588266030593504
2025-11-28,1395.3,60068.2,0.023228596828271865,0.023468133621235978,0.0004346915174931866,-0.5510500741893762
2025-12-01,1395.5,59914.0,0.02329171812931869,0.023421718056413837,0.0003698766754568341,-0.35146830206198637
2025-12-02,1382.0,59665.4,0.023162502891122826,0.02336440994128312,0.00024944332456169134,-0.8094305610906773
2025-12-03,1397.7,59737.0,0.02339755930160537,0.023344839431560474,0.0002204476393321492,0.23914917031823468
2025-12-04,1394.4,59643.2,0.02337902728223838,0.023329051774140724,0.00019871399535374666,0.2514946569751645
2025-12-05,1397.0,60055.6,0.02326177741959118,0.023320266995060287,0.0001955381123125782,-0.2991211011365882
2025-12-08,1394.9,59553.0,0.02342283344247981,0.02330500062202153,0.00016589595755159847,0.7102814450534758
2025-12-09,1382.4,59528.4,0.02322252907855746,0.02328962450765835,0.00015021053682927793,-0.4466759157990849
2025-12-10,1370.0,59246.4,0.023123767857625103,0.023278524048377106,0.00014973577564796143,-1.0335284943248653
2025-12-11,1366.7,59496.2,0.02297121496835092,0.023261806002131607,0.00015520077787114237,-1.8723555240293555
2025-12-12,1371.5,59657.8,0.02298944982885725,0.023245929628259474,0.00015795653789885938,-1.6237365215389257
2025-12-15,1370.5,59678.0,0.022964911692751097,0.023235505450085202,0.0001659106098759448,-1.630961139474045
2025-12-16,1370.3,59287.8,0.023112680855083167,0.02323269873103243,0.00016729299062516242,-0.7174112645171954
2025-12-17,1356.5,59146.8,0.022934461374072644,0.02322673408637742,0.0001747182550943837,-1.672822980900823
2025-12-18,1359.5,59074.2,0.023013430566981866,0.023229310294047546,0.000170811902468997,-1.2638447552263732
2025-12-19,1356.8,59231.4,0.022906769044797184,0.023221090326369775,0.00018026446811918417,-1.7436674284849825
2025-12-22,1368.2,59435.0,0.02302010599814924,0.023214207506851305,0.00018395148599059563,-1.0551777152373125
2025-12-23,1364.1,59407.6,0.02296170860293969,0.023202040064979952,0.00018827336088303098,-1.2765027453330204
2025-12-24,1360.4,59253.0,0.022959175062866016,0.02319107255923814,0.0001926145107681223,-1.2039461380523429
2025-12-26,1351.4,59065.8,0.022879568210368774,0.02316342842905616,0.00017438384842627757,-1.6277896218547392
2025-12-29,1343.9,58947.2,0.022798368709624886,0.023141827420238455,0.00017821724761394805,-1.9271911962054606
2025-12-30,1342.7,59157.8,0.022696922468381175,0.02311920533925579,0.0001901927637831551,-2.220288839990113
2025-12-31,1350.6,59883.6,0.02255375428330962,0.0230940524979515,0.00021286295810968054,-2.538244415280007
2026-01-01,1344.7,59955.6,0.02242826358171714,0.023063474161156814,0.0002396800553149649,-2.650243795233359
2026-01-02,1360.5,60341.0,0.022546858686465256,0.023037918657482424,0.00025262235369279134,-1.943850034800703
2026-01-05,1375.2,60173.0,0.02285410400013295,0.02302483777642099,0.00025160582378354644,-0.6785764086085717
2026-01-06,1414.6,60312.8,0.0234543911076919,0.023032765863334026,0.00026141106829484777,1.6128821442339154
2026-01-07,1430.7,60171.2,0.0237771558486452,0.0230566092131364,0.00029466238682200233,2.445329528753406
2026-01-08,1438.9,59885.2,0.024027639550339652,0.023087852244968142,0.0003439341107074051,2.732463213487467
2026-01-09,1409.4,59541.4,0.02367092476831247,0.023100405714688292,0.00035830280821405483,1.5922818368851324
2026-01-12,1416.7,59730.4,0.023718240627887976,0.023116727174675496,0.0003751018935377004,1.6036001512533635
2026-01-13,1438.2,59755.2,0.02406819824885533,0.02314260984532672,0.00041251622651989765,2.2437624122986244
2026-01-14,1422.0,59780.6,0.02378698106074546,0.023163425784314136,0.0004289819105436033,1.4535700949281478
2026-01-16,1411.6,60194.4,0.023450686442592666,0.023165196689013717,0.0004300900068753595,0.6637907159318964
2026-01-19,1379.6,59891.4,0.023035026731717742,0.02315373000399636,0.00042877617164044206,-0.27684204517353245
2026-01-20,1376.6,59483.0,0.023142746667114973,0.023149762312247153,0.0004282923295894754,-0.016380506134452657
2026-01-21,1347.2,58855.8,0.022889842632331903,0.02313199595190889,0.000427628438420023,-0.5662703829326283
2026-01-22,1348.6,59343.2,0.022725434422141037,0.023115426130028347,0.0004335886983024477,-0.8994508145949729
2026-01-23,1344.7,58522.8,0.02297736950385149,0.023110546184902554,0.0004343148092011633,-0.30663628830897405
2026-01-27,1363.6,59139.6,0.023057308470128306,0.023113415968295137,0.0004336463380220806,-0.12938538446500955
2026-01-28,1373.2,59866.4,0.022937741370785615,0.02311169235302608,0.0004342583881592723,-0.40057022957646454
2026-01-29,1391.4,60209.4,0.023109348374174134,0.023116506909073516,0.00043337471308970983,-0.016518118577675434
2026-01-30,1361.7,59908.6,0.022729624795104545,0.023103738373740895,0.0004390965522212794,-0.8520075521973531
2026-02-01,1339.6,58701.4,0.02282058008837949,0.023099942330884457,0.0004410981318887622,-0.633333542603659
2026-02-02,1355.8,58842.8,0.023041051751446225,0.023100863037033268,0.00044094012732888465,-0.13564491385568989
2026-02-03,1393.6,60210.0,0.02314565686762996,0.023108825964461024,0.0004394687013223393,0.08380779577274722
2026-02-04,1412.1,60418.0,0.023372173855473532,0.02312056155970517,0.00044171291180579577,0.5696285733186519
2026-02-05,1401.8,60254.8,0.023264536601233426,0.023130655826314964,0.00044141763481252074,0.3032972957125379
2026-02-06,1407.1,60252.4,0.02335342658549701,0.023143797543735998,0.000442004694084576,0.47426881335540505
2026-02-09,1397.1,60728.0,0.02300586220524305,0.023148007343565136,0.00043999818505686093,-0.3230584651246159
2026-02-10,1408.3,60704.0,0.02319945967316816,0.023161377042349916,0.0004350739685528201,0.08753139367293532
2026-02-11,1409.6,60809.0,0.023180779160979458,0.023177505598769858,0.00042613927892414785,0.0076819067650005625
