Symbol,Spot,Lot,Near_Expiry,Near_DTE,Near_Price,Near_Prem,Near_Prem_Pct,Near_OI,Near_Vol,Far_Expiry,Far_DTE,Far_Price,Far_Prem,Far_Prem_Pct,Far_OI,Far_Vol,Spread,Spread_Pct,Potential_Gain,Near_CoC_Ann,Far_CoC_Ann,Signal,Far2_Expiry,Far2_DTE,Far2_Price,Far2_Prem,Far2_Spread,Far2_OI
RVNL,309.9,1525,24-FEB-2026,3,309.5,-0.4,-0.13,28639500,24035525,30-MAR-2026,37,284.6,-25.3,-8.16,39904675,22297025,-24.9,-8.045,37972.0,-15.7,-80.54,BUY,28-APR-2026,66.0,277.85,-32.05,-31.65,5003525.0
JUBLFOOD,529.5,1250,24-FEB-2026,3,531.15,1.65,0.31,13410000,8832500,30-MAR-2026,37,515.75,-13.75,-2.6,17155000,9001250,-15.4,-2.899,19250.0,37.91,-25.62,STRONG_BUY,28-APR-2026,66.0,510.0,-19.5,-21.15,713750.0
SBICARD,793.75,800,24-FEB-2026,3,791.35,-2.4,-0.3,11230400,4825600,30-MAR-2026,37,770.2,-23.55,-2.97,11299200,4900800,-21.15,-2.673,16920.0,-36.79,-29.27,BUY,28-APR-2026,66.0,760.0,-33.75,-31.35,420800.0
ASTRAL,1640.0,425,24-FEB-2026,3,1638.6,-1.4,-0.09,4369425,2011100,30-MAR-2026,37,1611.8,-28.2,-1.72,5501625,1978375,-26.8,-1.636,11390.0,-10.39,-16.96,WATCH,28-APR-2026,66.0,1600.0,-40.0,-38.6,77350.0
SHREECEM,26550.0,25,24-FEB-2026,3,26600.0,50.0,0.19,174425,73225,30-MAR-2026,37,26155.0,-395.0,-1.49,216725,74150,-445.0,-1.673,11125.0,22.91,-14.68,STRONG_BUY,28-APR-2026,66.0,26085.0,-465.0,-515.0,5775.0
IREDA,126.82,3450,24-FEB-2026,3,126.95,0.13,0.1,33240750,12437250,30-MAR-2026,37,124.08,-2.74,-2.16,37711950,11626500,-2.87,-2.261,9902.0,12.47,-21.31,STRONG_BUY,28-APR-2026,66.0,123.7,-3.12,-3.25,4184850.0
PIIND,3044.4,175,24-FEB-2026,3,3042.0,-2.4,-0.08,1808975,732025,30-MAR-2026,37,2992.7,-51.7,-1.7,1949500,743225,-49.3,-1.621,8628.0,-9.59,-16.75,WATCH,28-APR-2026,66.0,2975.0,-69.4,-67.0,102550.0
ASHOKLEY,207.83,5000,24-FEB-2026,3,208.1,0.27,0.13,96430000,33800000,30-MAR-2026,37,206.42,-1.41,-0.68,77860000,31515000,-1.68,-0.807,8400.0,15.81,-6.69,STRONG_BUY,28-APR-2026,66.0,205.31,-2.52,-2.79,1340000.0
IRFC,112.12,4250,24-FEB-2026,3,112.45,0.33,0.29,36116500,11466500,30-MAR-2026,37,110.73,-1.39,-1.24,36303500,9779250,-1.72,-1.53,7310.0,35.81,-12.23,STRONG_BUY,28-APR-2026,66.0,110.99,-1.13,-1.46,6001000.0
KEI,4661.0,175,24-FEB-2026,3,4666.5,5.5,0.12,1103200,389550,30-MAR-2026,37,4629.4,-31.6,-0.68,1076775,369075,-37.1,-0.795,6493.0,14.36,-6.69,STRONG_BUY,28-APR-2026,66.0,4603.0,-58.0,-63.5,6475.0
BDL,1313.0,350,24-FEB-2026,3,1316.1,3.1,0.24,3522050,2245250,30-MAR-2026,37,1301.6,-11.4,-0.87,2976050,1718500,-14.5,-1.102,5075.0,28.73,-8.57,STRONG_BUY,28-APR-2026,66.0,1295.2,-17.8,-20.9,266350.0
PPLPHARMA,162.17,2625,24-FEB-2026,3,162.33,0.16,0.1,13264125,4824750,30-MAR-2026,37,160.64,-1.53,-0.94,12983250,4753875,-1.69,-1.041,4436.0,12.0,-9.31,STRONG_BUY,28-APR-2026,66.0,159.9,-2.27,-2.43,525000.0
PAGEIND,32635.0,15,24-FEB-2026,3,32640.0,5.0,0.02,186885,63810,30-MAR-2026,37,32345.0,-290.0,-0.89,127965,59865,-295.0,-0.904,4425.0,1.86,-8.77,STRONG_BUY,28-APR-2026,66.0,32320.0,-315.0,-320.0,4860.0
DMART,3865.4,150,24-FEB-2026,3,3870.0,4.6,0.12,2718600,1058100,30-MAR-2026,37,3853.2,-12.2,-0.32,3542850,1084500,-16.8,-0.434,2520.0,14.48,-3.11,STRONG_BUY,28-APR-2026,66.0,3858.0,-7.4,-12.0,54600.0
NUVAMA,1306.8,500,24-FEB-2026,3,1308.0,1.2,0.09,1328000,566000,30-MAR-2026,37,1303.0,-3.8,-0.29,837000,373000,-5.0,-0.382,2500.0,11.17,-2.87,STRONG_BUY,28-APR-2026,66.0,1305.1,-1.7,-2.9,14000.0
SWIGGY,324.65,1300,24-FEB-2026,3,325.0,0.35,0.11,25886900,10238800,30-MAR-2026,37,323.25,-1.4,-0.43,31534100,10019100,-1.75,-0.538,2275.0,13.12,-4.25,STRONG_BUY,28-APR-2026,66.0,322.0,-2.65,-3.0,306800.0
OFSS,6640.5,75,24-FEB-2026,3,6648.0,7.5,0.11,813525,427350,30-MAR-2026,37,6620.0,-20.5,-0.31,945450,428850,-28.0,-0.421,2100.0,13.74,-3.05,STRONG_BUY,28-APR-2026,66.0,6632.0,-8.5,-16.0,29325.0
LTF,298.05,2250,24-FEB-2026,3,297.95,-0.1,-0.03,32850000,10491750,30-MAR-2026,37,297.05,-1.0,-0.34,26401500,10784250,-0.9,-0.302,2025.0,-4.08,-3.31,WATCH,28-APR-2026,66.0,297.1,-0.95,-0.85,389250.0
CDSL,1323.3,475,24-FEB-2026,3,1324.7,1.4,0.11,5933700,2058650,30-MAR-2026,37,1320.9,-2.4,-0.18,5527100,2135125,-3.8,-0.287,1805.0,12.87,-1.79,STRONG_BUY,28-APR-2026,66.0,1326.1,2.8,1.4,427025.0
OBEROIRLTY,1514.0,350,24-FEB-2026,3,1512.6,-1.4,-0.09,3756200,1394400,30-MAR-2026,37,1508.0,-6.0,-0.4,2887850,1396850,-4.6,-0.304,1610.0,-11.25,-3.91,WATCH,28-APR-2026,66.0,1506.4,-7.6,-6.2,24500.0
TATAELXSI,4848.5,100,24-FEB-2026,3,4848.0,-0.5,-0.01,810700,478600,30-MAR-2026,37,4835.5,-13.0,-0.27,987400,483600,-12.5,-0.258,1250.0,-1.25,-2.65,WATCH,28-APR-2026,66.0,4832.5,-16.0,-15.5,35700.0
PERSISTENT,5129.0,100,24-FEB-2026,3,5136.5,7.5,0.15,1958900,1207800,30-MAR-2026,37,5125.5,-3.5,-0.07,2759400,1276100,-11.0,-0.214,1100.0,17.79,-0.67,STRONG_BUY,28-APR-2026,66.0,5165.5,36.5,29.0,52300.0
VOLTAS,1543.2,375,24-FEB-2026,3,1542.6,-0.6,-0.04,7173375,2364375,30-MAR-2026,37,1540.6,-2.6,-0.17,5364750,2284875,-2.0,-0.13,750.0,-4.73,-1.66,WATCH,28-APR-2026,66.0,1538.6,-4.6,-4.0,78750.0
LTIM,4891.0,150,24-FEB-2026,3,4902.0,11.0,0.22,1475700,538500,30-MAR-2026,37,4900.0,9.0,0.18,1690350,623400,-2.0,-0.041,300.0,27.36,1.82,WATCH,28-APR-2026,66.0,4905.5,14.5,3.5,27900.0
NBCC,95.6,6500,24-FEB-2026,3,95.75,0.15,0.16,62757500,14605500,30-MAR-2026,37,95.74,0.14,0.15,35893000,12993500,-0.01,-0.01,65.0,19.09,1.44,WATCH,28-APR-2026,66.0,96.82,1.22,1.07,1378000.0
OIL,476.05,1400,24-FEB-2026,3,475.4,-0.65,-0.14,14551600,4968600,30-MAR-2026,37,478.0,1.95,0.41,8920800,5044200,2.6,0.547,0.0,-16.61,4.04,NEUTRAL,28-APR-2026,66.0,479.95,3.9,4.55,516600.0
LICHSGFIN,527.8,1000,24-FEB-2026,3,528.3,0.5,0.09,24033000,6204000,30-MAR-2026,37,531.7,3.9,0.74,16568000,6669000,3.4,0.644,0.0,11.53,7.29,NEUTRAL,28-APR-2026,66.0,535.0,7.2,6.7,177000.0
LT,4351.6,175,24-FEB-2026,3,4344.7,-6.9,-0.16,10574550,1916600,30-MAR-2026,37,4373.1,21.5,0.49,6394325,1840475,28.4,0.654,0.0,-19.29,4.87,NEUTRAL,28-APR-2026,66.0,4400.0,48.4,55.3,92925.0
ONGC,277.75,2250,24-FEB-2026,3,277.9,0.15,0.05,87300000,25256250,30-MAR-2026,37,279.8,2.05,0.74,63688500,26718750,1.9,0.684,0.0,6.57,7.28,NEUTRAL,28-APR-2026,66.0,281.7,3.95,3.8,1188000.0
LODHA,1077.6,450,24-FEB-2026,3,1076.05,-1.55,-0.14,4119750,1635750,30-MAR-2026,37,1082.95,5.35,0.5,4580100,1578150,6.9,0.641,0.0,-17.5,4.9,NEUTRAL,28-APR-2026,66.0,1091.95,14.35,15.9,47250.0
NTPC,370.8,1500,24-FEB-2026,3,370.05,-0.75,-0.2,64771500,17647500,30-MAR-2026,37,372.45,1.65,0.44,40569000,17155500,2.4,0.649,0.0,-24.61,4.39,NEUTRAL,28-APR-2026,66.0,374.6,3.8,4.55,766500.0
PAYTM,1155.6,725,24-FEB-2026,3,1155.8,0.2,0.02,14280325,3300200,30-MAR-2026,37,1163.1,7.5,0.65,8992175,3331375,7.3,0.632,0.0,2.11,6.4,NEUTRAL,28-APR-2026,66.0,1172.0,16.4,16.2,94250.0
PETRONET,305.8,1900,24-FEB-2026,3,306.05,0.25,0.08,18855600,5595500,30-MAR-2026,37,308.25,2.45,0.8,24517600,5099600,2.2,0.719,0.0,9.95,7.9,NEUTRAL,28-APR-2026,66.0,309.9,4.1,3.85,123500.0
PFC,408.85,1300,24-FEB-2026,3,408.1,-0.75,-0.18,35713600,7835100,30-MAR-2026,37,408.55,-0.3,-0.07,34334300,7270900,0.45,0.11,0.0,-22.32,-0.72,NEUTRAL,28-APR-2026,66.0,411.2,2.35,3.1,772200.0
PHOENIXLTD,1727.5,350,24-FEB-2026,3,1727.6,0.1,0.01,3711750,1147650,30-MAR-2026,37,1739.2,11.7,0.68,1657600,789600,11.6,0.671,0.0,0.7,6.68,NEUTRAL,28-APR-2026,66.0,1762.8,35.3,35.2,3850.0
PIDILITIND,1466.1,500,24-FEB-2026,3,1462.6,-3.5,-0.24,5557000,1963500,30-MAR-2026,37,1470.8,4.7,0.32,4461500,1902000,8.2,0.561,0.0,-29.05,3.16,NEUTRAL,28-APR-2026,66.0,1482.6,16.5,20.0,18500.0
PNB,129.61,8000,24-FEB-2026,3,129.72,0.11,0.08,138456000,54728000,30-MAR-2026,37,130.55,0.94,0.73,128032000,51200000,0.83,0.64,0.0,10.33,7.15,NEUTRAL,28-APR-2026,66.0,131.06,1.45,1.34,4104000.0
PATANJALI,529.5,900,24-FEB-2026,3,529.95,0.45,0.08,21071700,8536500,30-MAR-2026,37,532.95,3.45,0.65,22086900,7343100,3.0,0.566,0.0,10.34,6.43,NEUTRAL,28-APR-2026,66.0,538.4,8.9,8.45,56700.0
NHPC,74.08,6400,24-FEB-2026,3,74.0,-0.08,-0.11,65536000,19603200,30-MAR-2026,37,74.47,0.39,0.53,40460800,19750400,0.47,0.635,0.0,-13.14,5.19,NEUTRAL,28-APR-2026,66.0,75.04,0.96,1.04,1612800.0
NAUKRI,1083.0,375,24-FEB-2026,3,1085.2,2.2,0.2,8096625,2641500,30-MAR-2026,37,1090.8,7.8,0.72,7399875,2425500,5.6,0.516,0.0,24.72,7.1,NEUTRAL,28-APR-2026,66.0,1090.6,7.6,5.4,57375.0
NYKAA,267.0,3125,24-FEB-2026,3,267.4,0.4,0.15,35784375,7543750,30-MAR-2026,37,268.63,1.63,0.61,20778125,7493750,1.23,0.46,0.0,18.23,6.02,NEUTRAL,28-APR-2026,66.0,269.0,2.0,1.6,184375.0
LUPIN,2222.9,425,24-FEB-2026,3,2218.2,-4.7,-0.21,5951700,1321750,30-MAR-2026,37,2232.4,9.5,0.43,3062550,1325150,14.2,0.64,0.0,-25.72,4.22,NEUTRAL,28-APR-2026,66.0,2249.8,26.9,31.6,61200.0
M&M,3412.2,200,24-FEB-2026,3,3416.6,4.4,0.13,10530400,2418000,30-MAR-2026,37,3437.4,25.2,0.74,10824000,2607400,20.8,0.609,0.0,15.69,7.29,NEUTRAL,28-APR-2026,66.0,3458.5,46.3,41.9,189600.0
MANAPPURAM,306.35,3000,24-FEB-2026,3,306.55,0.2,0.07,33750000,7791000,30-MAR-2026,37,308.45,2.1,0.69,15837000,7701000,1.9,0.62,0.0,7.94,6.76,NEUTRAL,28-APR-2026,66.0,310.25,3.9,3.7,261000.0
LICI,871.7,700,24-FEB-2026,3,871.8,0.1,0.01,6899900,1868300,30-MAR-2026,37,877.3,5.6,0.64,5583900,1817900,5.5,0.631,0.0,1.4,6.34,NEUTRAL,28-APR-2026,66.0,882.55,10.85,10.75,322700.0
MANKIND,2048.0,225,24-FEB-2026,3,2054.2,6.2,0.3,1485450,576225,30-MAR-2026,37,2055.8,7.8,0.38,1463850,558000,1.6,0.078,0.0,36.83,3.76,NEUTRAL,28-APR-2026,66.0,2064.4,16.4,10.2,50850.0
MARUTI,14947.0,50,24-FEB-2026,3,14913.0,-34.0,-0.23,2162700,587300,30-MAR-2026,37,15012.0,65.0,0.43,1517750,511450,99.0,0.664,0.0,-27.68,4.29,NEUTRAL,28-APR-2026,66.0,15097.0,150.0,184.0,19850.0
MAXHEALTH,1090.95,525,24-FEB-2026,3,1092.45,1.5,0.14,9450525,2561475,30-MAR-2026,37,1098.95,8.0,0.73,6964125,2598225,6.5,0.595,0.0,16.73,7.23,NEUTRAL,28-APR-2026,66.0,1099.0,8.05,6.55,50925.0
MARICO,788.05,1200,24-FEB-2026,3,786.5,-1.55,-0.2,21186000,4784400,30-MAR-2026,37,789.95,1.9,0.24,13603200,4552800,3.45,0.439,0.0,-23.93,2.38,NEUTRAL,28-APR-2026,66.0,797.1,9.05,10.6,32400.0
MFSL,1842.8,400,24-FEB-2026,3,1838.8,-4.0,-0.22,5795200,1881600,30-MAR-2026,37,1850.2,7.4,0.4,5192400,1704400,11.4,0.62,0.0,-26.41,3.96,NEUTRAL,28-APR-2026,66.0,1860.3,17.5,21.5,11200.0
MAZDOCK,2371.0,200,24-FEB-2026,3,2373.5,2.5,0.11,2583400,814600,30-MAR-2026,37,2383.9,12.9,0.54,1714200,727600,10.4,0.438,0.0,12.83,5.37,NEUTRAL,28-APR-2026,66.0,2392.3,21.3,18.8,91200.0
MCX,2397.0,625,24-FEB-2026,3,2393.0,-4.0,-0.17,10007500,2665000,30-MAR-2026,37,2408.8,11.8,0.49,6063125,2411875,15.8,0.66,0.0,-20.3,4.86,NEUTRAL,28-APR-2026,66.0,2425.0,28.0,32.0,236875.0
MOTHERSON,131.46,6150,24-FEB-2026,3,131.26,-0.2,-0.15,120933600,22447500,30-MAR-2026,37,132.07,0.61,0.46,62225700,21924750,0.81,0.617,0.0,-18.51,4.58,NEUTRAL,28-APR-2026,66.0,133.1,1.64,1.84,842550.0
MUTHOOTFIN,3404.0,275,24-FEB-2026,3,3411.7,7.7,0.23,3393775,1412950,30-MAR-2026,37,3422.2,18.2,0.53,2726625,1192400,10.5,0.308,0.0,27.52,5.27,NEUTRAL,28-APR-2026,66.0,3418.1,14.1,6.4,91300.0
NATIONALUM,340.0,3750,24-FEB-2026,3,340.15,0.15,0.04,36300000,13158750,30-MAR-2026,37,342.25,2.25,0.66,28440000,12971250,2.1,0.617,0.0,5.37,6.53,NEUTRAL,28-APR-2026,66.0,345.35,5.35,5.2,1057500.0
PNBHOUSING,851.0,650,24-FEB-2026,3,851.6,0.6,0.07,9291100,2126800,30-MAR-2026,37,856.05,5.05,0.59,5066750,2062450,4.45,0.523,0.0,8.58,5.85,NEUTRAL,28-APR-2026,66.0,862.65,11.65,11.05,44200.0
NMDC,79.32,6750,24-FEB-2026,3,79.19,-0.13,-0.16,179050500,38151000,30-MAR-2026,37,79.66,0.34,0.43,214116750,39035250,0.47,0.594,0.0,-19.94,4.23,NEUTRAL,28-APR-2026,66.0,80.35,1.03,1.16,3638250.0
MPHASIS,2387.3,275,24-FEB-2026,3,2390.3,3.0,0.13,4113725,1684100,30-MAR-2026,37,2403.3,16.0,0.67,3064600,1543850,13.0,0.544,0.0,15.29,6.61,NEUTRAL,28-APR-2026,66.0,2415.6,28.3,25.3,45375.0
NESTLEIND,1297.4,500,24-FEB-2026,3,1299.1,1.7,0.13,10568000,2636500,30-MAR-2026,37,1306.1,8.7,0.67,8139000,2613000,7.0,0.539,0.0,15.94,6.62,NEUTRAL,28-APR-2026,66.0,1313.0,15.6,13.9,55000.0
PREMIERENE,769.15,575,24-FEB-2026,3,772.7,3.55,0.46,4713275,1609425,30-MAR-2026,37,774.0,4.85,0.63,2208000,1514550,1.3,0.168,0.0,56.16,6.22,NEUTRAL,28-APR-2026,66.0,775.5,6.35,2.8,48875.0
PGEL,614.95,950,24-FEB-2026,3,616.75,1.8,0.29,6766850,2391150,30-MAR-2026,37,618.9,3.95,0.64,4563800,2584950,2.15,0.349,0.0,35.61,6.34,NEUTRAL,28-APR-2026,66.0,622.0,7.05,5.25,80750.0
TVSMOTOR,3814.0,175,24-FEB-2026,3,3810.0,-4.0,-0.1,7159425,1400700,30-MAR-2026,37,3834.0,20.0,0.52,3729075,1447775,24.0,0.63,0.0,-12.76,5.17,NEUTRAL,28-APR-2026,66.0,3841.8,27.8,31.8,18025.0
TATASTEEL,208.25,5500,24-FEB-2026,3,207.88,-0.37,-0.18,142818500,43730500,30-MAR-2026,37,209.23,0.98,0.47,108735000,41563500,1.35,0.649,0.0,-21.62,4.64,NEUTRAL,28-APR-2026,66.0,210.63,2.38,2.75,4796000.0
TCS,2684.3,175,24-FEB-2026,3,2683.0,-1.3,-0.05,13746950,4458300,30-MAR-2026,37,2695.0,10.7,0.4,16896775,4444300,12.0,0.447,0.0,-5.89,3.93,NEUTRAL,28-APR-2026,66.0,2709.0,24.7,26.0,937125.0
TECHM,1468.3,600,24-FEB-2026,3,1466.7,-1.6,-0.11,12190800,3831000,30-MAR-2026,37,1475.5,7.2,0.49,10090200,4015800,8.8,0.6,0.0,-13.26,4.84,NEUTRAL,28-APR-2026,66.0,1493.2,24.9,26.5,135000.0
TIINDIA,2544.3,200,24-FEB-2026,3,2540.1,-4.2,-0.17,2442400,803800,30-MAR-2026,37,2557.6,13.3,0.52,1441200,814200,17.5,0.689,0.0,-20.08,5.16,NEUTRAL,28-APR-2026,66.0,2563.5,19.2,23.4,19600.0
TITAN,4239.9,175,24-FEB-2026,3,4236.4,-3.5,-0.08,7064575,1376900,30-MAR-2026,37,4263.7,23.8,0.56,4068225,1328950,27.3,0.644,0.0,-10.04,5.54,NEUTRAL,28-APR-2026,66.0,4296.6,56.7,60.2,67900.0
TORNTPOWER,1537.2,425,24-FEB-2026,3,1538.6,1.4,0.09,2246125,1554650,30-MAR-2026,37,1542.6,5.4,0.35,2565300,1427575,4.0,0.26,0.0,11.08,3.47,NEUTRAL,28-APR-2026,66.0,1542.0,4.8,3.4,20825.0
TORNTPHARM,4232.3,250,24-FEB-2026,3,4230.7,-1.6,-0.04,1654750,562750,30-MAR-2026,37,4243.5,11.2,0.26,1574500,543750,12.8,0.303,0.0,-4.6,2.61,NEUTRAL,28-APR-2026,66.0,4228.2,-4.1,-2.5,7500.0
TRENT,4111.0,100,24-FEB-2026,3,4103.0,-8.0,-0.19,4074000,844600,30-MAR-2026,37,4129.0,18.0,0.44,3420700,800500,26.0,0.634,0.0,-23.68,4.32,NEUTRAL,28-APR-2026,66.0,4150.0,39.0,47.0,103100.0
ULTRACEMCO,12777.0,50,24-FEB-2026,3,12787.0,10.0,0.08,1577650,427750,30-MAR-2026,37,12863.0,86.0,0.67,1133100,435500,76.0,0.594,0.0,9.52,6.64,NEUTRAL,28-APR-2026,66.0,12960.0,183.0,173.0,5450.0
UNIONBANK,194.33,4425,24-FEB-2026,3,194.2,-0.13,-0.07,35041575,17199975,30-MAR-2026,37,194.76,0.43,0.22,32660925,19593900,0.56,0.288,0.0,-8.14,2.18,NEUTRAL,28-APR-2026,66.0,195.55,1.22,1.35,800925.0
TATAPOWER,374.6,1450,24-FEB-2026,3,375.0,0.4,0.11,39669100,9127750,30-MAR-2026,37,377.1,2.5,0.67,23991700,8160600,2.1,0.56,0.0,12.99,6.58,NEUTRAL,28-APR-2026,66.0,379.45,4.85,4.45,887400.0
TMPV,377.3,800,24-FEB-2026,3,377.1,-0.2,-0.05,59511200,13057600,30-MAR-2026,37,379.45,2.15,0.57,38818400,12534400,2.35,0.623,0.0,-6.45,5.62,NEUTRAL,28-APR-2026,66.0,382.1,4.8,5.0,1205600.0
UNITDSPR,1387.2,400,24-FEB-2026,3,1388.5,1.3,0.09,5968000,1625200,30-MAR-2026,37,1397.3,10.1,0.73,5407600,1505200,8.8,0.634,0.0,11.4,7.18,NEUTRAL,28-APR-2026,66.0,1410.0,22.8,21.5,20800.0
UNOMINDA,1199.5,550,24-FEB-2026,3,1199.3,-0.2,-0.02,4247100,1316150,30-MAR-2026,37,1207.3,7.8,0.65,3370950,1399200,8.0,0.667,0.0,-2.03,6.41,NEUTRAL,28-APR-2026,66.0,1209.0,9.5,9.7,19250.0
UPL,752.4,1355,24-FEB-2026,3,752.4,0.0,0.0,21380545,6235710,30-MAR-2026,37,756.85,4.45,0.59,13388755,6516195,4.45,0.591,0.0,0.0,5.83,NEUTRAL,28-APR-2026,66.0,762.85,10.45,10.45,226285.0
VBL,452.65,1125,24-FEB-2026,3,453.0,0.35,0.08,26253000,6666750,30-MAR-2026,37,455.6,2.95,0.65,23235750,6741000,2.6,0.574,0.0,9.41,6.43,NEUTRAL,28-APR-2026,66.0,459.15,6.5,6.15,574875.0
VEDL,678.75,1150,24-FEB-2026,3,677.5,-1.25,-0.18,59359550,7655550,30-MAR-2026,37,679.85,1.1,0.16,31224800,7661300,2.35,0.347,0.0,-22.41,1.6,NEUTRAL,28-APR-2026,66.0,683.4,4.65,5.9,1683600.0
WIPRO,210.91,3000,24-FEB-2026,3,211.29,0.38,0.18,95832000,30927000,30-MAR-2026,37,211.32,0.41,0.19,126621000,25563000,0.03,0.014,0.0,21.92,1.92,NEUTRAL,28-APR-2026,66.0,211.32,0.41,0.03,6210000.0
WAAREEENER,2905.7,175,24-FEB-2026,3,2906.0,0.3,0.01,2135525,730100,30-MAR-2026,37,2924.8,19.1,0.66,1446025,518000,18.8,0.647,0.0,1.26,6.48,NEUTRAL,28-APR-2026,66.0,2950.1,44.4,44.1,21175.0
ZYDUSLIFE,900.3,900,24-FEB-2026,3,898.8,-1.5,-0.17,5623200,1656900,30-MAR-2026,37,904.5,4.2,0.47,5706900,1617300,5.7,0.634,0.0,-20.27,4.6,NEUTRAL,28-APR-2026,66.0,909.15,8.85,10.35,112500.0
TATATECH,607.55,800,24-FEB-2026,3,609.0,1.45,0.24,7155200,2444000,30-MAR-2026,37,610.45,2.9,0.48,5047200,2048800,1.45,0.238,0.0,29.04,4.71,NEUTRAL,28-APR-2026,66.0,614.35,6.8,5.35,496800.0
TATACONSUM,1165.1,550,24-FEB-2026,3,1164.5,-0.6,-0.05,8400700,2357850,30-MAR-2026,37,1171.9,6.8,0.58,6824950,2281400,7.4,0.635,0.0,-6.27,5.76,NEUTRAL,28-APR-2026,66.0,1180.6,15.5,16.1,34100.0
POLICYBZR,1498.8,350,24-FEB-2026,3,1496.8,-2.0,-0.13,8396500,3289650,30-MAR-2026,37,1507.5,8.7,0.58,5573050,3457300,10.7,0.715,0.0,-16.24,5.73,NEUTRAL,28-APR-2026,66.0,1515.0,16.2,18.2,32900.0
SAMMAANCAP,153.85,4300,24-FEB-2026,3,153.88,0.03,0.02,96049100,5568500,30-MAR-2026,37,154.25,0.4,0.26,9739500,1655500,0.37,0.24,0.0,2.37,2.56,NEUTRAL,28-APR-2026,66.0,155.02,1.17,1.14,898700.0
POLYCAB,7809.5,125,24-FEB-2026,3,7819.5,10.0,0.13,2033000,603875,30-MAR-2026,37,7865.0,55.5,0.71,1522125,624875,45.5,0.582,0.0,15.58,7.01,NEUTRAL,28-APR-2026,66.0,7895.0,85.5,75.5,18375.0
POWERGRID,299.05,1900,24-FEB-2026,3,298.7,-0.35,-0.12,55480000,17842900,30-MAR-2026,37,300.2,1.15,0.38,39130500,16170900,1.5,0.502,0.0,-14.24,3.79,NEUTRAL,28-APR-2026,66.0,301.95,2.9,3.25,585200.0
POWERINDIA,23739.0,50,24-FEB-2026,3,23760.0,21.0,0.09,232400,87000,30-MAR-2026,37,23898.0,159.0,0.67,124550,70200,138.0,0.581,0.0,10.76,6.61,NEUTRAL,28-APR-2026,66.0,23940.0,201.0,180.0,7950.0
KPITTECH,839.3,425,24-FEB-2026,3,840.6,1.3,0.15,3566600,1289450,30-MAR-2026,37,841.9,2.6,0.31,2506650,1213375,1.3,0.155,0.0,18.85,3.06,NEUTRAL,28-APR-2026,66.0,846.9,7.6,6.3,234175.0
PRESTIGE,1486.3,450,24-FEB-2026,3,1488.1,1.8,0.12,2672100,902700,30-MAR-2026,37,1499.1,12.8,0.86,2014200,913950,11.0,0.739,0.0,14.73,8.5,NEUTRAL,28-APR-2026,66.0,1498.5,12.2,10.4,11700.0
RECLTD,354.4,1400,24-FEB-2026,3,354.15,-0.25,-0.07,56415800,8530200,30-MAR-2026,37,354.8,0.4,0.11,40915000,8113000,0.65,0.184,0.0,-8.58,1.11,NEUTRAL,28-APR-2026,66.0,357.4,3.0,3.25,1429400.0
RBLBANK,331.0,3175,24-FEB-2026,3,330.9,-0.1,-0.03,33578800,10156825,30-MAR-2026,37,333.0,2.0,0.6,30219650,10417175,2.1,0.635,0.0,-3.68,5.96,NEUTRAL,28-APR-2026,66.0,335.3,4.3,4.4,174625.0
RELIANCE,1421.0,500,24-FEB-2026,3,1420.6,-0.4,-0.03,68378000,15158000,30-MAR-2026,37,1430.1,9.1,0.64,53728500,14516500,9.5,0.669,0.0,-3.42,6.32,NEUTRAL,28-APR-2026,66.0,1439.9,18.9,19.3,2120500.0
SAIL,158.84,4700,24-FEB-2026,3,158.97,0.13,0.08,165599800,2796500,30-MAR-2026,37,159.72,0.88,0.55,19895100,1696700,0.75,0.472,0.0,9.96,5.47,NEUTRAL,28-APR-2026,66.0,160.0,1.16,1.03,625100.0
SIEMENS,3266.7,175,24-FEB-2026,3,3274.7,8.0,0.24,1564500,777875,30-MAR-2026,37,3290.6,23.9,0.73,1222725,810075,15.9,0.486,0.0,29.8,7.22,NEUTRAL,28-APR-2026,66.0,3298.0,31.3,23.3,19075.0
SUZLON,44.77,9025,24-FEB-2026,3,44.84,0.07,0.16,196347900,52254750,30-MAR-2026,37,45.07,0.3,0.67,144788075,51325175,0.23,0.513,0.0,19.02,6.61,NEUTRAL,28-APR-2026,66.0,45.28,0.51,0.44,7373425.0
SONACOMS,535.2,1225,24-FEB-2026,3,533.95,-1.25,-0.23,9486400,2691325,30-MAR-2026,37,537.5,2.3,0.43,7079275,2535750,3.55,0.665,0.0,-28.42,4.24,NEUTRAL,28-APR-2026,66.0,539.0,3.8,5.05,72275.0
SBIN,1207.8,750,24-FEB-2026,3,1208.1,0.3,0.02,43607250,11622000,30-MAR-2026,37,1215.2,7.4,0.61,32182500,11221500,7.1,0.588,0.0,3.02,6.04,NEUTRAL,28-APR-2026,66.0,1222.0,14.2,13.9,1393500.0
SBILIFE,2068.5,375,24-FEB-2026,3,2065.9,-2.6,-0.13,7830375,1555500,30-MAR-2026,37,2076.2,7.7,0.37,3705000,1437000,10.3,0.499,0.0,-15.29,3.67,NEUTRAL,28-APR-2026,66.0,2087.0,18.5,21.1,24750.0
SHRIRAMFIN,1059.5,825,24-FEB-2026,3,1058.4,-1.1,-0.1,25127025,5797275,30-MAR-2026,37,1065.6,6.1,0.58,16390275,5231325,7.2,0.68,0.0,-12.63,5.68,NEUTRAL,28-APR-2026,66.0,1073.9,14.4,15.5,257400.0
SOLARINDS,13461.0,50,24-FEB-2026,3,13445.0,-16.0,-0.12,551150,135600,30-MAR-2026,37,13530.0,69.0,0.51,297750,121600,85.0,0.632,0.0,-14.46,5.06,NEUTRAL,28-APR-2026,66.0,13629.0,168.0,184.0,36050.0
SRF,2687.8,200,24-FEB-2026,3,2691.4,3.6,0.13,2736000,609000,30-MAR-2026,37,2692.8,5.0,0.19,1822800,538600,1.4,0.052,0.0,16.3,1.84,NEUTRAL,28-APR-2026,66.0,2708.0,20.2,16.6,32400.0
SUNPHARMA,1719.2,350,24-FEB-2026,3,1715.7,-3.5,-0.2,15960000,2697800,30-MAR-2026,37,1726.7,7.5,0.44,9168600,2577050,11.0,0.641,0.0,-24.77,4.3,NEUTRAL,28-APR-2026,66.0,1739.5,20.3,23.8,67200.0
SUPREMEIND,3940.9,175,24-FEB-2026,3,3933.6,-7.3,-0.19,701050,388850,30-MAR-2026,37,3935.0,-5.9,-0.15,1013075,385700,1.4,0.036,0.0,-22.54,-1.48,NEUTRAL,28-APR-2026,66.0,3930.0,-10.9,-3.6,3150.0
SYNGENE,439.6,1000,24-FEB-2026,3,438.95,-0.65,-0.15,7870000,1808000,30-MAR-2026,37,441.5,1.9,0.43,5522000,1476000,2.55,0.581,0.0,-17.99,4.26,NEUTRAL,,,,,,
LAURUSLABS,1019.7,850,24-FEB-2026,3,1019.15,-0.55,-0.05,15617900,2794800,30-MAR-2026,37,1026.45,6.75,0.66,7641500,2799900,7.3,0.716,0.0,-6.56,6.53,NEUTRAL,28-APR-2026,66.0,1032.0,12.3,12.85,151300.0
AMBUJACEM,515.4,1050,24-FEB-2026,3,515.45,0.05,0.01,31161900,6120450,30-MAR-2026,37,518.75,3.35,0.65,26042100,5894700,3.3,0.64,0.0,1.18,6.41,NEUTRAL,28-APR-2026,66.0,520.4,5.0,4.95,642600.0
KOTAKBANK,421.85,2000,24-FEB-2026,3,421.35,-0.5,-0.12,106868000,24110000,30-MAR-2026,37,424.05,2.2,0.52,120662000,24682000,2.7,0.641,0.0,-14.42,5.14,NEUTRAL,28-APR-2026,66.0,426.9,5.05,5.55,838000.0
BEL,442.75,1425,24-FEB-2026,3,442.85,0.1,0.02,71114625,15452700,30-MAR-2026,37,444.05,1.3,0.29,51516600,13962150,1.2,0.271,0.0,2.75,2.9,NEUTRAL,28-APR-2026,66.0,447.0,4.25,4.15,2133225.0
BIOCON,384.75,2500,24-FEB-2026,3,384.3,-0.45,-0.12,31110000,10180000,30-MAR-2026,37,386.85,2.1,0.55,19982500,10197500,2.55,0.664,0.0,-14.23,5.38,NEUTRAL,28-APR-2026,66.0,390.3,5.55,6.0,335000.0
BHEL,257.1,2625,24-FEB-2026,3,257.3,0.2,0.08,87966375,19564125,30-MAR-2026,37,258.7,1.6,0.62,45798375,17356500,1.4,0.544,0.0,9.46,6.14,NEUTRAL,28-APR-2026,66.0,260.75,3.65,3.45,1152375.0
BLUESTARCO,1965.0,325,24-FEB-2026,3,1965.5,0.5,0.03,1888250,691925,30-MAR-2026,37,1976.3,11.3,0.58,1643525,660400,10.8,0.549,0.0,3.1,5.67,NEUTRAL,28-APR-2026,66.0,1977.8,12.8,12.3,10400.0
BOSCHLTD,35625.0,25,24-FEB-2026,3,35660.0,35.0,0.1,128700,51850,30-MAR-2026,37,35865.0,240.0,0.67,103550,56450,205.0,0.575,0.0,11.95,6.65,NEUTRAL,28-APR-2026,66.0,35630.0,5.0,-30.0,1050.0
CAMS,720.1,750,24-FEB-2026,3,721.0,0.9,0.12,4457250,1582500,30-MAR-2026,37,724.0,3.9,0.54,3413250,1354500,3.0,0.416,0.0,15.21,5.34,NEUTRAL,28-APR-2026,66.0,729.0,8.9,8.0,95250.0
BRITANNIA,6114.5,125,24-FEB-2026,3,6111.5,-3.0,-0.05,2414250,519000,30-MAR-2026,37,6152.0,37.5,0.61,1689750,464250,40.5,0.663,0.0,-5.97,6.05,NEUTRAL,28-APR-2026,66.0,6194.0,79.5,82.5,6125.0
BSE,2733.5,375,24-FEB-2026,3,2728.9,-4.6,-0.17,6603375,2518875,30-MAR-2026,37,2742.4,8.9,0.33,5278875,2281875,13.5,0.495,0.0,-20.47,3.21,NEUTRAL,28-APR-2026,66.0,2765.0,31.5,36.1,275250.0
BPCL,363.6,1975,24-FEB-2026,3,363.9,0.3,0.08,24499875,5628750,30-MAR-2026,37,366.15,2.55,0.7,15973800,4884175,2.25,0.618,0.0,10.04,6.92,NEUTRAL,28-APR-2026,66.0,369.0,5.4,5.1,310075.0
CANBK,153.63,6750,24-FEB-2026,3,153.8,0.17,0.11,112171500,46075500,30-MAR-2026,37,154.57,0.94,0.61,77564250,40304250,0.77,0.501,0.0,13.46,6.04,NEUTRAL,28-APR-2026,66.0,155.33,1.7,1.53,2652750.0
CIPLA,1337.3,375,24-FEB-2026,3,1334.6,-2.7,-0.2,9293625,2263125,30-MAR-2026,37,1342.6,5.3,0.4,6163875,2173125,8.0,0.599,0.0,-24.56,3.91,NEUTRAL,28-APR-2026,66.0,1348.0,10.7,13.4,72375.0
CHOLAFIN,1679.4,625,24-FEB-2026,3,1680.5,1.1,0.07,11417500,2825000,30-MAR-2026,37,1692.2,12.8,0.76,7028125,2612500,11.7,0.696,0.0,7.97,7.52,NEUTRAL,28-APR-2026,66.0,1697.0,17.6,16.5,22500.0
COALINDIA,421.75,1350,24-FEB-2026,3,422.25,0.5,0.12,33008850,11834100,30-MAR-2026,37,424.7,2.95,0.7,19221300,10254600,2.45,0.58,0.0,14.42,6.9,NEUTRAL,28-APR-2026,66.0,427.25,5.5,5.0,653400.0
COFORGE,1353.7,375,24-FEB-2026,3,1355.5,1.8,0.13,12265125,3327375,30-MAR-2026,37,1362.2,8.5,0.63,10080000,3385500,6.7,0.494,0.0,16.18,6.19,NEUTRAL,28-APR-2026,66.0,1371.2,17.5,15.7,291750.0
CGPOWER,710.3,850,24-FEB-2026,3,710.3,0.0,0.0,9472400,3054900,30-MAR-2026,37,715.25,4.95,0.7,7525050,3251250,4.95,0.697,0.0,0.0,6.87,NEUTRAL,28-APR-2026,66.0,719.85,9.55,9.55,81600.0
CONCOR,503.1,1250,24-FEB-2026,3,501.9,-1.2,-0.24,23051250,5826250,30-MAR-2026,37,505.05,1.95,0.39,15167500,5473750,3.15,0.628,0.0,-29.02,3.82,NEUTRAL,28-APR-2026,66.0,509.0,5.9,7.1,436250.0
CUMMINSIND,4719.7,200,24-FEB-2026,3,4726.6,6.9,0.15,2237800,707000,30-MAR-2026,37,4752.4,32.7,0.69,1768800,701400,25.8,0.546,0.0,17.79,6.83,NEUTRAL,28-APR-2026,66.0,4769.0,49.3,42.4,9200.0
CROMPTON,268.11,1800,24-FEB-2026,3,267.93,-0.18,-0.07,34961400,10405800,30-MAR-2026,37,269.7,1.59,0.59,25893000,9622800,1.77,0.661,0.0,-8.17,5.85,NEUTRAL,28-APR-2026,66.0,271.5,3.39,3.57,414000.0
COLPAL,2202.3,225,24-FEB-2026,3,2198.5,-3.8,-0.17,3278250,1148400,30-MAR-2026,37,2204.5,2.2,0.1,3550950,1233675,6.0,0.273,0.0,-20.99,0.99,NEUTRAL,28-APR-2026,66.0,2213.2,10.9,14.7,67950.0
DALBHARAT,2075.0,325,24-FEB-2026,3,2076.7,1.7,0.08,1653600,551850,30-MAR-2026,37,2091.7,16.7,0.8,1581450,476125,15.0,0.722,0.0,9.97,7.94,NEUTRAL,28-APR-2026,66.0,2104.4,29.4,27.7,4550.0
DABUR,510.5,1250,24-FEB-2026,3,510.05,-0.45,-0.09,19187500,4478750,30-MAR-2026,37,513.05,2.55,0.5,10436250,4260000,3.0,0.588,0.0,-10.72,4.93,NEUTRAL,28-APR-2026,66.0,516.0,5.5,5.95,122500.0
DELHIVERY,430.9,2075,24-FEB-2026,3,430.15,-0.75,-0.17,20173150,5247675,30-MAR-2026,37,433.25,2.35,0.55,10906200,4834750,3.1,0.721,0.0,-21.18,5.38,NEUTRAL,28-APR-2026,66.0,433.85,2.95,3.7,163925.0
BANKBARODA,308.05,2925,24-FEB-2026,3,308.05,0.0,0.0,60705450,17547075,30-MAR-2026,37,309.7,1.65,0.54,40970475,16107975,1.65,0.536,0.0,0.0,5.28,NEUTRAL,28-APR-2026,66.0,311.6,3.55,3.55,801450.0
BHARATFORG,1765.7,500,24-FEB-2026,3,1762.0,-3.7,-0.21,6011500,1778000,30-MAR-2026,37,1772.0,6.3,0.36,3689000,1474000,10.0,0.568,0.0,-25.5,3.52,NEUTRAL,28-APR-2026,66.0,1777.2,11.5,15.2,50500.0
KFINTECH,1013.0,500,24-FEB-2026,3,1013.5,0.5,0.05,2284000,1585000,30-MAR-2026,37,1016.4,3.4,0.34,2253500,1431500,2.9,0.286,0.0,6.01,3.31,NEUTRAL,28-APR-2026,66.0,1008.0,-5.0,-5.5,96500.0
BANKINDIA,171.7,5200,24-FEB-2026,3,171.7,0.0,0.0,30071600,13301600,30-MAR-2026,37,172.65,0.95,0.55,28766400,15454400,0.95,0.553,0.0,0.0,5.46,NEUTRAL,28-APR-2026,66.0,173.45,1.75,1.75,572000.0
ADANIPORTS,1515.9,475,24-FEB-2026,3,1516.9,1.0,0.07,15009050,4080250,30-MAR-2026,37,1526.3,10.4,0.69,10936875,4042725,9.4,0.62,0.0,8.03,6.77,NEUTRAL,28-APR-2026,66.0,1536.2,20.3,19.3,186200.0
ALKEM,5354.5,125,24-FEB-2026,3,5360.0,5.5,0.1,867500,203875,30-MAR-2026,37,5391.5,37.0,0.69,692875,185000,31.5,0.588,0.0,12.5,6.82,NEUTRAL,28-APR-2026,66.0,5398.0,43.5,38.0,875.0
ADANIENSOL,995.5,675,24-FEB-2026,3,997.05,1.55,0.16,11191500,2079675,30-MAR-2026,37,1004.35,8.85,0.89,10590750,2468475,7.3,0.732,0.0,18.94,8.77,NEUTRAL,28-APR-2026,66.0,1001.0,5.5,3.95,72225.0
ADANIGREEN,973.75,600,24-FEB-2026,3,973.5,-0.25,-0.03,11457000,2904000,30-MAR-2026,37,978.3,4.55,0.47,12184200,2671800,4.8,0.493,0.0,-3.12,4.61,NEUTRAL,28-APR-2026,66.0,983.5,9.75,10.0,186600.0
ADANIENT,2156.4,309,24-FEB-2026,3,2154.6,-1.8,-0.08,8761695,1615452,30-MAR-2026,37,2157.3,0.9,0.04,11422185,1574355,2.7,0.125,0.0,-10.16,0.41,NEUTRAL,28-APR-2026,66.0,2164.0,7.6,9.4,324759.0
ABCAPITAL,344.95,3100,24-FEB-2026,3,344.55,-0.4,-0.12,56711400,15239600,30-MAR-2026,37,346.45,1.5,0.43,37398400,13950000,1.9,0.551,0.0,-14.11,4.29,NEUTRAL,28-APR-2026,66.0,347.2,2.25,2.65,145700.0
360ONE,1100.5,500,24-FEB-2026,3,1101.8,1.3,0.12,2443000,1018000,30-MAR-2026,37,1108.0,7.5,0.68,1093000,746000,6.2,0.563,0.0,14.37,6.72,NEUTRAL,28-APR-2026,66.0,1108.8,8.3,7.0,16000.0
ABB,6174.5,125,24-FEB-2026,3,6187.0,12.5,0.2,1201625,1663000,30-MAR-2026,37,6212.5,38.0,0.62,1449500,1464625,25.5,0.412,0.0,24.63,6.07,NEUTRAL,28-APR-2026,66.0,6234.5,60.0,47.5,24125.0
APLAPOLLO,2213.4,350,24-FEB-2026,3,2210.9,-2.5,-0.11,3683050,705950,30-MAR-2026,37,2223.0,9.6,0.43,3392900,709100,12.1,0.547,0.0,-13.74,4.28,NEUTRAL,28-APR-2026,66.0,2242.3,28.9,31.4,28000.0
ANGELONE,2530.0,250,24-FEB-2026,3,2535.4,5.4,0.21,2120000,669250,30-MAR-2026,37,2549.5,19.5,0.77,1016500,660750,14.1,0.556,0.0,25.97,7.6,NEUTRAL,28-APR-2026,66.0,2560.1,30.1,24.7,40250.0
ASIANPAINT,2422.1,250,24-FEB-2026,3,2418.9,-3.2,-0.13,10241500,1579000,30-MAR-2026,37,2434.2,12.1,0.5,5196000,1700750,15.3,0.633,0.0,-16.07,4.93,NEUTRAL,28-APR-2026,66.0,2450.9,28.8,32.0,104500.0
APOLLOHOSP,7596.0,125,24-FEB-2026,3,7586.0,-10.0,-0.13,2531250,487375,30-MAR-2026,37,7635.5,39.5,0.52,1347750,417875,49.5,0.653,0.0,-16.02,5.13,NEUTRAL,28-APR-2026,66.0,7691.0,95.0,105.0,9500.0
BAJAJ-AUTO,9735.0,75,24-FEB-2026,3,9710.5,-24.5,-0.25,1755750,589575,30-MAR-2026,37,9738.0,3.0,0.03,1867425,560250,27.5,0.283,0.0,-30.62,0.3,NEUTRAL,28-APR-2026,66.0,9756.5,21.5,46.0,10500.0
AUBANK,1028.15,1000,24-FEB-2026,3,1027.05,-1.1,-0.11,13536000,4078000,30-MAR-2026,37,1033.65,5.5,0.53,9290000,4139000,6.6,0.643,0.0,-13.02,5.28,NEUTRAL,28-APR-2026,66.0,1040.0,11.85,12.95,56000.0
AXISBANK,1370.0,625,24-FEB-2026,3,1369.3,-0.7,-0.05,37524375,14712500,30-MAR-2026,37,1378.3,8.3,0.61,40385625,14410625,9.0,0.657,0.0,-6.22,5.98,NEUTRAL,28-APR-2026,66.0,1387.0,17.0,17.7,321875.0
AUROPHARMA,1160.3,550,24-FEB-2026,3,1158.7,-1.6,-0.14,7805600,2176350,30-MAR-2026,37,1165.0,4.7,0.41,16875650,2326500,6.3,0.544,0.0,-16.78,4.0,NEUTRAL,28-APR-2026,66.0,1176.6,16.3,17.9,36300.0
BAJAJFINSV,2052.3,250,24-FEB-2026,3,2052.4,0.1,0.0,9526500,1546500,30-MAR-2026,37,2067.0,14.7,0.72,5303500,1504750,14.6,0.711,0.0,0.59,7.07,NEUTRAL,28-APR-2026,66.0,2077.0,24.7,24.6,38500.0
BAJAJHLDNG,11160.0,50,24-FEB-2026,3,11171.0,11.0,0.1,131850,28850,30-MAR-2026,37,11243.0,83.0,0.74,90250,30750,72.0,0.645,0.0,11.99,7.34,NEUTRAL,28-APR-2026,66.0,11465.0,305.0,294.0,900.0
BAJFINANCE,1030.4,750,24-FEB-2026,3,1030.7,0.3,0.03,42381750,10626000,30-MAR-2026,37,1036.85,6.45,0.63,44949750,10714500,6.15,0.597,0.0,3.54,6.18,NEUTRAL,28-APR-2026,66.0,1043.5,13.1,12.8,475500.0
BANDHANBNK,172.66,3600,24-FEB-2026,3,172.65,-0.01,-0.01,50302800,12567600,30-MAR-2026,37,173.57,0.91,0.53,47019600,13564800,0.92,0.533,0.0,-0.7,5.2,NEUTRAL,28-APR-2026,66.0,175.08,2.42,2.43,1357200.0
BHARTIARTL,1986.3,475,24-FEB-2026,3,1987.6,1.3,0.07,31000875,5765075,30-MAR-2026,37,2000.4,14.1,0.71,28830125,6194000,12.8,0.644,0.0,7.96,7.0,NEUTRAL,28-APR-2026,66.0,2018.0,31.7,30.4,221350.0
DIVISLAB,6310.0,100,24-FEB-2026,3,6316.5,6.5,0.1,2283600,716000,30-MAR-2026,37,6351.5,41.5,0.66,1470800,722700,35.0,0.554,0.0,12.53,6.49,NEUTRAL,28-APR-2026,66.0,6373.0,63.0,56.5,7500.0
DIXON,11136.0,50,24-FEB-2026,3,11128.0,-8.0,-0.07,1378200,525500,30-MAR-2026,37,11156.0,20.0,0.18,1361200,507300,28.0,0.252,0.0,-8.74,1.77,NEUTRAL,28-APR-2026,66.0,11230.0,94.0,102.0,49650.0
DLF,621.25,825,24-FEB-2026,3,621.7,0.45,0.07,38209875,7887000,30-MAR-2026,37,625.7,4.45,0.72,23584275,8008275,4.0,0.643,0.0,8.81,7.07,NEUTRAL,28-APR-2026,66.0,629.4,8.15,7.7,414150.0
EICHERMOT,7944.0,100,24-FEB-2026,3,7932.0,-12.0,-0.15,2002400,433800,30-MAR-2026,37,7987.5,43.5,0.55,1492700,528600,55.5,0.7,0.0,-18.38,5.4,NEUTRAL,28-APR-2026,66.0,8041.5,97.5,109.5,33500.0
ICICIPRULI,656.0,925,24-FEB-2026,3,656.1,0.1,0.02,10283225,3467825,30-MAR-2026,37,660.35,4.35,0.66,10755900,3418800,4.25,0.648,0.0,1.85,6.54,NEUTRAL,28-APR-2026,66.0,665.0,9.0,8.9,36075.0
IDFCFIRSTB,83.28,9275,24-FEB-2026,3,83.37,0.09,0.11,149559375,45586625,30-MAR-2026,37,83.82,0.54,0.65,154067025,46161675,0.45,0.54,0.0,13.15,6.4,NEUTRAL,28-APR-2026,66.0,84.47,1.19,1.1,6334825.0
ICICIGI,1937.0,325,24-FEB-2026,3,1936.7,-0.3,-0.02,4246450,650650,30-MAR-2026,37,1946.0,9.0,0.46,2232100,634725,9.3,0.48,0.0,-1.88,4.58,NEUTRAL,28-APR-2026,66.0,1960.0,23.0,23.3,11375.0
IDEA,11.33,71475,24-FEB-2026,3,11.33,0.0,0.0,4406362275,1045679250,30-MAR-2026,37,11.41,0.08,0.71,3536725950,999149025,0.08,0.706,0.0,0.0,6.97,NEUTRAL,28-APR-2026,66.0,11.54,0.21,0.21,75334650.0
IEX,124.61,3750,24-FEB-2026,3,124.7,0.09,0.07,49053750,11088750,30-MAR-2026,37,125.42,0.81,0.65,35242500,10470000,0.72,0.577,0.0,8.79,6.41,NEUTRAL,28-APR-2026,66.0,126.38,1.77,1.68,1275000.0
INDHOTEL,676.15,1000,24-FEB-2026,3,675.75,-0.4,-0.06,18271000,4945000,30-MAR-2026,37,678.75,2.6,0.38,10581000,4478000,3.0,0.444,0.0,-7.2,3.79,NEUTRAL,28-APR-2026,66.0,684.9,8.75,9.15,235000.0
INDIANB,944.6,1000,24-FEB-2026,3,945.8,1.2,0.13,7068000,2991000,30-MAR-2026,37,950.8,6.2,0.66,4514000,3220000,5.0,0.529,0.0,15.46,6.47,NEUTRAL,28-APR-2026,66.0,953.35,8.75,7.55,51000.0
INDUSINDBK,931.15,700,24-FEB-2026,3,930.95,-0.2,-0.02,23698500,6808200,30-MAR-2026,37,937.15,6.0,0.64,17000200,7919100,6.2,0.666,0.0,-2.61,6.36,NEUTRAL,28-APR-2026,66.0,942.0,10.85,11.05,619500.0
INDIGO,4834.2,150,24-FEB-2026,3,4830.8,-3.4,-0.07,5979750,1274100,30-MAR-2026,37,4859.5,25.3,0.52,3699600,1317750,28.7,0.594,0.0,-8.56,5.16,NEUTRAL,28-APR-2026,66.0,4888.0,53.8,57.2,79800.0
INDUSTOWER,473.15,1700,24-FEB-2026,3,473.4,0.25,0.05,60421400,20648200,30-MAR-2026,37,476.1,2.95,0.62,40211800,20150100,2.7,0.57,0.0,6.43,6.15,NEUTRAL,28-APR-2026,66.0,481.9,8.75,8.5,134300.0
IOC,172.86,4875,24-FEB-2026,3,172.52,-0.34,-0.2,61020375,18461625,30-MAR-2026,37,173.66,0.8,0.46,39438750,14951625,1.14,0.661,0.0,-23.93,4.57,NEUTRAL,28-APR-2026,66.0,174.7,1.84,2.18,877500.0
INFY,1356.8,400,24-FEB-2026,3,1353.5,-3.3,-0.24,33175600,14350800,30-MAR-2026,37,1359.0,2.2,0.16,58956400,14347600,5.5,0.406,0.0,-29.59,1.6,NEUTRAL,28-APR-2026,66.0,1366.4,9.6,12.9,1708400.0
INOXWIND,96.77,3575,24-FEB-2026,3,96.76,-0.01,-0.01,74124050,13538525,30-MAR-2026,37,97.4,0.63,0.65,36565100,12591150,0.64,0.661,0.0,-1.26,6.42,NEUTRAL,28-APR-2026,66.0,98.21,1.44,1.45,1894750.0
ITC,326.65,1600,24-FEB-2026,3,326.3,-0.35,-0.11,116228800,23289600,30-MAR-2026,37,328.35,1.7,0.52,84740800,23580800,2.05,0.628,0.0,-13.04,5.13,NEUTRAL,28-APR-2026,66.0,330.6,3.95,4.3,4923200.0
JINDALSTEL,1225.2,625,24-FEB-2026,3,1224.1,-1.1,-0.09,6706250,2495000,30-MAR-2026,37,1230.2,5.0,0.41,5348750,2119375,6.1,0.498,0.0,-10.92,4.03,NEUTRAL,28-APR-2026,66.0,1240.0,14.8,15.9,51250.0
JIOFIN,260.1,2350,24-FEB-2026,3,259.6,-0.5,-0.19,112433400,20992550,30-MAR-2026,37,261.2,1.1,0.42,82689450,18069150,1.6,0.616,0.0,-23.39,4.17,NEUTRAL,28-APR-2026,66.0,263.0,2.9,3.4,3576700.0
JSWSTEEL,1248.0,675,24-FEB-2026,3,1246.6,-1.4,-0.11,27749925,6408450,30-MAR-2026,37,1254.8,6.8,0.54,31586625,6473250,8.2,0.658,0.0,-13.65,5.38,NEUTRAL,28-APR-2026,66.0,1262.0,14.0,15.4,41850.0
JSWENERGY,490.5,1000,24-FEB-2026,3,490.45,-0.05,-0.01,19787000,3515000,30-MAR-2026,37,492.3,1.8,0.37,13445000,3451000,1.85,0.377,0.0,-1.24,3.62,NEUTRAL,28-APR-2026,66.0,490.6,0.1,0.15,56000.0
KALYANKJIL,402.1,1175,24-FEB-2026,3,401.1,-1.0,-0.25,20295775,6420200,30-MAR-2026,37,403.9,1.8,0.45,13132975,5648225,2.8,0.698,0.0,-30.26,4.42,NEUTRAL,28-APR-2026,66.0,407.1,5.0,6.0,401850.0
KAYNES,3890.7,100,24-FEB-2026,3,3901.8,11.1,0.29,2587200,1225300,30-MAR-2026,37,3907.4,16.7,0.43,2076400,1057300,5.6,0.144,0.0,34.71,4.23,NEUTRAL,28-APR-2026,66.0,3903.0,12.3,1.2,77800.0
AMBER,7694.5,100,24-FEB-2026,3,7696.5,2.0,0.03,636400,220500,30-MAR-2026,37,7727.0,32.5,0.42,645300,224400,30.5,0.396,0.0,3.16,4.17,NEUTRAL,28-APR-2026,66.0,7698.5,4.0,2.0,12400.0
ICICIBANK,1398.0,700,24-FEB-2026,3,1398.9,0.9,0.06,73398500,12735100,30-MAR-2026,37,1407.7,9.7,0.69,56333200,12526500,8.8,0.629,0.0,7.83,6.84,NEUTRAL,28-APR-2026,66.0,1416.0,18.0,17.1,546000.0
HUDCO,196.62,2775,24-FEB-2026,3,197.15,0.53,0.27,26559525,7450875,30-MAR-2026,37,197.44,0.82,0.42,20468400,5846925,0.29,0.147,0.0,32.8,4.11,NEUTRAL,28-APR-2026,66.0,198.03,1.41,0.88,496725.0
HINDZINC,588.4,1225,24-FEB-2026,3,588.05,-0.35,-0.06,26904675,5842025,30-MAR-2026,37,591.8,3.4,0.58,16695525,5372850,3.75,0.638,0.0,-7.24,5.7,NEUTRAL,28-APR-2026,66.0,595.2,6.8,7.15,1055950.0
GODREJPROP,1805.0,275,24-FEB-2026,3,1802.7,-2.3,-0.13,6348375,1488850,30-MAR-2026,37,1813.8,8.8,0.49,3231800,1479775,11.1,0.616,0.0,-15.5,4.81,NEUTRAL,28-APR-2026,66.0,1819.3,14.3,16.6,45100.0
DRREDDY,1285.6,625,24-FEB-2026,3,1286.7,1.1,0.09,11090000,2798750,30-MAR-2026,37,1294.8,9.2,0.72,7994375,2622500,8.1,0.63,0.0,10.41,7.06,NEUTRAL,28-APR-2026,66.0,1303.8,18.2,17.1,38750.0
EXIDEIND,335.9,1800,24-FEB-2026,3,335.1,-0.8,-0.24,17870400,3000600,30-MAR-2026,37,337.4,1.5,0.45,15154200,2869200,2.3,0.686,0.0,-28.98,4.41,NEUTRAL,28-APR-2026,66.0,340.0,4.1,4.9,644400.0
ETERNAL,270.15,2425,24-FEB-2026,3,269.95,-0.2,-0.07,133333775,29766875,30-MAR-2026,37,271.5,1.35,0.5,128561375,28571350,1.55,0.574,0.0,-9.01,4.93,NEUTRAL,28-APR-2026,66.0,273.8,3.65,3.85,2488050.0
GAIL,168.49,3150,24-FEB-2026,3,168.6,0.11,0.07,77571900,17107650,30-MAR-2026,37,169.65,1.16,0.69,49225050,17258850,1.05,0.623,0.0,7.94,6.79,NEUTRAL,28-APR-2026,66.0,171.85,3.36,3.25,1260000.0
FORTIS,920.5,775,24-FEB-2026,3,920.8,0.3,0.03,8854375,2559825,30-MAR-2026,37,926.05,5.55,0.6,4722075,2535800,5.25,0.57,0.0,3.97,5.95,NEUTRAL,28-APR-2026,66.0,929.5,9.0,8.7,25575.0
FEDERALBNK,292.1,5000,24-FEB-2026,3,291.85,-0.25,-0.09,50500000,14980000,30-MAR-2026,37,293.45,1.35,0.46,25110000,14155000,1.6,0.548,0.0,-10.41,4.56,NEUTRAL,28-APR-2026,66.0,294.0,1.9,2.15,520000.0
GLENMARK,2040.6,375,24-FEB-2026,3,2042.2,1.6,0.08,7174875,1473375,30-MAR-2026,37,2055.3,14.7,0.72,5118375,1480500,13.1,0.641,0.0,9.54,7.11,NEUTRAL,28-APR-2026,66.0,2043.0,2.4,0.8,9750.0
GMRAIRPORT,99.76,6975,24-FEB-2026,3,99.77,0.01,0.01,118121625,29029950,30-MAR-2026,37,100.4,0.64,0.64,63423675,28723050,0.63,0.631,0.0,1.22,6.33,NEUTRAL,28-APR-2026,66.0,100.85,1.09,1.08,1304325.0
GODREJCP,1205.1,500,24-FEB-2026,3,1203.6,-1.5,-0.12,4175000,1080500,30-MAR-2026,37,1209.8,4.7,0.39,5255500,1097000,6.2,0.515,0.0,-15.14,3.85,NEUTRAL,28-APR-2026,66.0,1210.1,5.0,6.5,15500.0
GRASIM,2850.5,250,24-FEB-2026,3,2848.4,-2.1,-0.07,8259500,2076000,30-MAR-2026,37,2865.8,15.3,0.54,9924250,2207000,17.4,0.611,0.0,-8.96,5.29,NEUTRAL,28-APR-2026,66.0,2884.0,33.5,35.6,15250.0
HINDPETRO,428.05,2025,24-FEB-2026,3,427.35,-0.7,-0.16,27432675,8154675,30-MAR-2026,37,430.0,1.95,0.46,17973900,7206975,2.65,0.62,0.0,-19.9,4.49,NEUTRAL,28-APR-2026,66.0,433.5,5.45,6.15,324000.0
HAVELLS,1401.3,500,24-FEB-2026,3,1402.0,0.7,0.05,7712500,1652000,30-MAR-2026,37,1411.3,10.0,0.71,4837000,1653500,9.3,0.663,0.0,6.08,7.04,NEUTRAL,28-APR-2026,66.0,1417.9,16.6,15.9,48500.0
HDFCAMC,2739.5,300,24-FEB-2026,3,2745.7,6.2,0.23,3422700,1175700,30-MAR-2026,37,2758.9,19.4,0.71,2659800,1085100,13.2,0.481,0.0,27.54,6.99,NEUTRAL,28-APR-2026,66.0,2787.4,47.9,41.7,12300.0
HCLTECH,1442.5,350,24-FEB-2026,3,1440.5,-2.0,-0.14,11457250,4162900,30-MAR-2026,37,1445.9,3.4,0.24,14255850,4334400,5.4,0.375,0.0,-16.87,2.33,NEUTRAL,28-APR-2026,66.0,1447.0,4.5,6.5,274750.0
HAL,4190.0,150,24-FEB-2026,3,4182.7,-7.3,-0.17,6291000,1457250,30-MAR-2026,37,4208.8,18.8,0.45,3554250,1229550,26.1,0.624,0.0,-21.2,4.43,NEUTRAL,28-APR-2026,66.0,4238.5,48.5,55.8,255150.0
HDFCBANK,914.75,550,24-FEB-2026,3,916.2,1.45,0.16,153025950,27232700,30-MAR-2026,37,922.0,7.25,0.79,156757700,28095650,5.8,0.633,0.0,19.29,7.82,NEUTRAL,28-APR-2026,66.0,928.0,13.25,11.8,2157650.0
HEROMOTOCO,5395.0,150,24-FEB-2026,3,5410.0,15.0,0.28,2169300,784800,30-MAR-2026,37,5431.5,36.5,0.68,1967850,713550,21.5,0.397,0.0,33.83,6.67,NEUTRAL,28-APR-2026,66.0,5471.0,76.0,61.0,27000.0
HDFCLIFE,732.7,1100,24-FEB-2026,3,733.0,0.3,0.04,26865300,5218400,30-MAR-2026,37,737.65,4.95,0.68,18647200,5273400,4.65,0.634,0.0,4.98,6.66,NEUTRAL,28-APR-2026,66.0,743.5,10.8,10.5,140800.0
HINDALCO,923.8,700,24-FEB-2026,3,924.6,0.8,0.09,28632100,9275000,30-MAR-2026,37,930.0,6.2,0.67,23536800,8138200,5.4,0.584,0.0,10.54,6.62,NEUTRAL,28-APR-2026,66.0,938.65,14.85,14.05,242200.0
HINDUNILVR,2321.5,300,24-FEB-2026,3,2324.9,3.4,0.15,9017100,3587700,30-MAR-2026,37,2336.9,15.4,0.66,10320900,3578100,12.0,0.516,0.0,17.82,6.54,NEUTRAL,28-APR-2026,66.0,2353.8,32.3,28.9,132900.0
YESBANK,21.06,31100,24-FEB-2026,3,21.09,0.03,0.14,609995400,119237400,30-MAR-2026,37,21.22,0.16,0.76,430859400,106797400,0.13,0.616,0.0,17.33,7.49,NEUTRAL,28-APR-2026,66.0,21.37,0.31,0.28,31535400.0
